figure,method,metric,value,extra,source
fig01,other,n_sensors,349,metadata,devices + final_cohort.json + heldout_cohort.json
fig01,rl_development,n_sensors,40,metadata,devices + final_cohort.json + heldout_cohort.json
fig01,heldout,n_sensors,40,metadata,devices + final_cohort.json + heldout_cohort.json
fig02,Fixed 15,interval_tx,192,sensor=A81758FFFE030F69; start=3472,frozen KL-CMAPPO seed_123 val rollout + FixedInterval(1)
fig02,KL-CMAPPO,interval_tx,55,sensor=A81758FFFE030F69,frozen KL-CMAPPO seed_123 val rollout + FixedInterval(1)
fig02,KL-CMAPPO,reduction_vs_fixed15_pct,71.35,,frozen KL-CMAPPO seed_123 val rollout + FixedInterval(1)
fig04,Fixed 60,mae_ppm,11.3353,tx↓=75.268; n=1; std=0.0000,outputs/rl_final/paper_final/full_val_summary.csv
fig04,Delta + heartbeat,mae_ppm,10.5971,tx↓=79.606; n=1; std=0.0000,outputs/rl_final/paper_final/full_val_summary.csv
fig04,KL-CMAPPO,mae_ppm,8.7424,tx↓=77.790; n=5; std=0.1383,outputs/rl_final/paper_final/full_val_summary.csv
fig05,Fixed 60,event_recall_pct,26.4706,tx↓=75.139; n=1; frozen_seed=123,outputs/rl_final/paper_final/full_test_summary.csv
fig05,Delta + heartbeat,event_recall_pct,90.1961,tx↓=79.621; n=1; frozen_seed=123,outputs/rl_final/paper_final/full_test_summary.csv
fig05,KL-CMAPPO,event_recall_pct,96.0784,tx↓=77.462; n=1; frozen_seed=123,outputs/rl_final/paper_final/full_test_summary.csv
fig06,KL-CMAPPO,val_mae_mean,9.0964,step=8192; std=0.0698,outputs/rl_final/cmappo_kl/seed_*/metrics.json (val rows)
fig06,KL-CMAPPO,val_mae_mean,9.0603,step=16384; std=0.0845,outputs/rl_final/cmappo_kl/seed_*/metrics.json (val rows)
fig06,KL-CMAPPO,val_mae_mean,9.0746,step=24576; std=0.0778,outputs/rl_final/cmappo_kl/seed_*/metrics.json (val rows)
fig06,KL-CMAPPO,val_mae_mean,9.0304,step=32768; std=0.0446,outputs/rl_final/cmappo_kl/seed_*/metrics.json (val rows)
fig06,KL-CMAPPO,val_mae_mean,8.9968,step=40960; std=0.0972,outputs/rl_final/cmappo_kl/seed_*/metrics.json (val rows)
fig06,KL-CMAPPO,val_mae_mean,8.9425,step=48128; std=0.1150,outputs/rl_final/cmappo_kl/seed_*/metrics.json (val rows)
fig06,KL-CMAPPO,val_mae_mean,8.7639,step=56320; std=0.1550,outputs/rl_final/cmappo_kl/seed_*/metrics.json (val rows)
fig06,KL-CMAPPO,val_mae_mean,8.8145,step=60000; std=0.0978,outputs/rl_final/cmappo_kl/seed_*/metrics.json (val rows)
fig07,BC initialization only,mae_ppm,9.1656,tx↓=79.561; seed=42,outputs/rl_final/scientific_validation/ablation_kl_cmappo_val.csv
fig07,RL fine-tune no KL / no constr.,mae_ppm,9.564,tx↓=81.245; seed=42,outputs/rl_final/scientific_validation/ablation_kl_cmappo_val.csv
fig07,+ KL only,mae_ppm,9.3556,tx↓=80.626; seed=42,outputs/rl_final/scientific_validation/ablation_kl_cmappo_val.csv
fig07,+ constraints only,mae_ppm,7.5947,tx↓=73.228; seed=42,outputs/rl_final/scientific_validation/ablation_kl_cmappo_val.csv
fig07,Full KL-CMAPPO,mae_ppm,8.9228,tx↓=78.647; seed=42,outputs/rl_final/scientific_validation/ablation_kl_cmappo_val.csv
fig08,KL-CMAPPO development,mae_ppm,8.454,frozen TEST; n=1; seed=123,paper_final/full_test_summary.csv
fig08,KL-CMAPPO heldout,mae_ppm,8.4951,held-out TEST; n=5; std=0.1163,scientific_validation/heldout_transfer_summary.csv
fig09,KL-CMAPPO,mae_loss_0,8.7424,std=0.1237,outputs/rl_final/scientific_validation/robustness_summary.csv
fig09,KL-CMAPPO,mae_loss_10,9.0014,std=0.1183,outputs/rl_final/scientific_validation/robustness_summary.csv
fig09,KL-CMAPPO,mae_loss_20,9.254,std=0.1142,outputs/rl_final/scientific_validation/robustness_summary.csv
fig09,KL-CMAPPO,mae_loss_40,9.9884,std=0.1174,outputs/rl_final/scientific_validation/robustness_summary.csv
fig10,Fixed 15,cum_tx_end,24424,val rollouts start=3552 length=672; KL seed_123,val rollouts start=3552 length=672; KL seed_123
fig10,Fixed 60,cum_tx_end,6021,val rollouts start=3552 length=672; KL seed_123,val rollouts start=3552 length=672; KL seed_123
fig10,KL-CMAPPO,cum_tx_end,5606,val rollouts start=3552 length=672; KL seed_123,val rollouts start=3552 length=672; KL seed_123
figS01,BC initialization,mae_at_75,7.967,std=0.0195,matched_budget_summary.csv
figS01,BC initialization,mae_at_78,8.9233,std=0.0073,matched_budget_summary.csv
figS01,BC initialization,mae_at_80,9.2549,std=0.0098,matched_budget_summary.csv
figS01,KL-CMAPPO,mae_at_75,7.9356,std=0.0161,matched_budget_summary.csv
figS01,KL-CMAPPO,mae_at_78,8.7867,std=0.0651,matched_budget_summary.csv
figS01,KL-CMAPPO,mae_at_80,9.1743,std=0.0369,matched_budget_summary.csv
figS02,KL-CMAPPO,val_recall_pct_mean,99.2736,step=8192,cmappo_kl metrics.json val_recall
figS02,KL-CMAPPO,val_recall_pct_mean,99.2494,step=16384,cmappo_kl metrics.json val_recall
figS02,KL-CMAPPO,val_recall_pct_mean,99.2252,step=24576,cmappo_kl metrics.json val_recall
figS02,KL-CMAPPO,val_recall_pct_mean,99.2736,step=32768,cmappo_kl metrics.json val_recall
figS02,KL-CMAPPO,val_recall_pct_mean,99.2736,step=40960,cmappo_kl metrics.json val_recall
figS02,KL-CMAPPO,val_recall_pct_mean,99.2978,step=48128,cmappo_kl metrics.json val_recall
figS02,KL-CMAPPO,val_recall_pct_mean,99.4431,step=56320,cmappo_kl metrics.json val_recall
figS02,KL-CMAPPO,val_recall_pct_mean,99.3705,step=60000,cmappo_kl metrics.json val_recall
figS03,KL-CMAPPO,val_tx_reduction_mean,79.2139,step=8192,cmappo_kl metrics.json val_tx_reduction
figS03,KL-CMAPPO,val_tx_reduction_mean,78.9389,step=16384,cmappo_kl metrics.json val_tx_reduction
figS03,KL-CMAPPO,val_tx_reduction_mean,79.2429,step=24576,cmappo_kl metrics.json val_tx_reduction
figS03,KL-CMAPPO,val_tx_reduction_mean,79.1322,step=32768,cmappo_kl metrics.json val_tx_reduction
figS03,KL-CMAPPO,val_tx_reduction_mean,79.098,step=40960,cmappo_kl metrics.json val_tx_reduction
figS03,KL-CMAPPO,val_tx_reduction_mean,78.8817,step=48128,cmappo_kl metrics.json val_tx_reduction
figS03,KL-CMAPPO,val_tx_reduction_mean,77.972,step=56320,cmappo_kl metrics.json val_tx_reduction
figS03,KL-CMAPPO,val_tx_reduction_mean,78.2618,step=60000,cmappo_kl metrics.json val_tx_reduction
figS04,KL-CMAPPO,n_feasible,1,step=8192,metrics.json feasible
figS04,KL-CMAPPO,n_feasible,3,step=16384,metrics.json feasible
figS04,KL-CMAPPO,n_feasible,1,step=24576,metrics.json feasible
figS04,KL-CMAPPO,n_feasible,3,step=32768,metrics.json feasible
figS04,KL-CMAPPO,n_feasible,4,step=40960,metrics.json feasible
figS04,KL-CMAPPO,n_feasible,4,step=48128,metrics.json feasible
figS04,KL-CMAPPO,n_feasible,5,step=56320,metrics.json feasible
figS04,KL-CMAPPO,n_feasible,5,step=60000,metrics.json feasible
figS05,KL-CMAPPO,beta_start,0.08,,"metrics.json kl_beta (coefficient, NOT D_KL)"
figS05,KL-CMAPPO,beta_end,0.0256,,"metrics.json kl_beta (coefficient, NOT D_KL)"
figS06,λ_event,final_mean,0.937,,metrics.json lam_e/lam_m/lam_a
figS06,λ_MAE,final_mean,1.8818,,metrics.json lam_e/lam_m/lam_a
figS06,λ_AoI,final_mean,1.5,,metrics.json lam_e/lam_m/lam_a
figS07,Fixed 30,mae,9.66,n=1,full_val_summary.csv
figS07,Fixed 60,mae,11.3353,n=1,full_val_summary.csv
figS07,Delta + heartbeat,mae,10.5971,n=1,full_val_summary.csv
figS07,Semantic expert,mae,7.2189,n=1,full_val_summary.csv
figS07,BC initialization,mae,9.2047,n=5,full_val_summary.csv
figS07,KL-CMAPPO,mae,8.7424,n=5,full_val_summary.csv
figS08a,Semantic expert,mae_loss_0,7.2189,,robustness_summary.csv
figS08a,Semantic expert,mae_loss_10,7.6055,,robustness_summary.csv
figS08a,Semantic expert,mae_loss_20,8.0588,,robustness_summary.csv
figS08a,Semantic expert,mae_loss_40,9.0458,,robustness_summary.csv
figS08a,BC initialization,mae_loss_0,9.2047,,robustness_summary.csv
figS08a,BC initialization,mae_loss_10,9.4347,,robustness_summary.csv
figS08a,BC initialization,mae_loss_20,9.679,,robustness_summary.csv
figS08a,BC initialization,mae_loss_40,10.32,,robustness_summary.csv
figS08a,KL-CMAPPO,mae_loss_0,8.7424,,robustness_summary.csv
figS08a,KL-CMAPPO,mae_loss_10,9.0014,,robustness_summary.csv
figS08a,KL-CMAPPO,mae_loss_20,9.254,,robustness_summary.csv
figS08a,KL-CMAPPO,mae_loss_40,9.9884,,robustness_summary.csv
figS08b,Semantic expert,recall_pct_loss_0,99.8789,,robustness_summary.csv
figS08b,Semantic expert,recall_pct_loss_10,99.1525,,robustness_summary.csv
figS08b,Semantic expert,recall_pct_loss_20,96.9734,,robustness_summary.csv
figS08b,Semantic expert,recall_pct_loss_40,94.431,,robustness_summary.csv
figS08b,BC initialization,recall_pct_loss_0,99.2978,,robustness_summary.csv
figS08b,BC initialization,recall_pct_loss_10,97.9903,,robustness_summary.csv
figS08b,BC initialization,recall_pct_loss_20,96.8039,,robustness_summary.csv
figS08b,BC initialization,recall_pct_loss_40,94.8184,,robustness_summary.csv
figS08b,KL-CMAPPO,recall_pct_loss_0,99.4431,,robustness_summary.csv
figS08b,KL-CMAPPO,recall_pct_loss_10,98.2324,,robustness_summary.csv
figS08b,KL-CMAPPO,recall_pct_loss_20,97.1913,,robustness_summary.csv
figS08b,KL-CMAPPO,recall_pct_loss_40,94.5278,,robustness_summary.csv
figS09,KL-CMAPPO,heatmap_start,3552,length=96,val rollout seed_123
figS10,LOCF,mae,10.3427,std=0.0531,C:\Users\MossabBatal\Desktop\OULU_RL\outputs\reconstruction_final\fair_benchmark\fair_results_summary.csv
figS10,ExtraTrees,mae,12.1643,std=0.0549,C:\Users\MossabBatal\Desktop\OULU_RL\outputs\reconstruction_final\fair_benchmark\fair_results_summary.csv
figS10,LightGBM,mae,12.3737,std=0.0765,C:\Users\MossabBatal\Desktop\OULU_RL\outputs\reconstruction_final\fair_benchmark\fair_results_summary.csv
figS10,Linear extrapolation,mae,19.7199,std=0.1249,C:\Users\MossabBatal\Desktop\OULU_RL\outputs\reconstruction_final\fair_benchmark\fair_results_summary.csv
figS10,ST-GNN,mae,17.5318,std=0.1624,C:\Users\MossabBatal\Desktop\OULU_RL\outputs\reconstruction_final\fair_benchmark\fair_results_summary.csv
figS10,Historical mean,mae,24.7548,std=0.1290,C:\Users\MossabBatal\Desktop\OULU_RL\outputs\reconstruction_final\fair_benchmark\fair_results_summary.csv
