scenario,split,cohort,method,configuration,packet_loss,target_reduction,n_runs,aggregation,runs,source,result_source,n_available_mean,n_available_std,n_tx_attempts_mean,n_tx_attempts_std,n_delivered_mean,n_delivered_std,transmission_rate_mean,transmission_rate_std,transmission_reduction_mean,transmission_reduction_std,mae_mean,mae_std,event_tp_mean,event_tp_std,event_fp_mean,event_fp_std,event_fn_mean,event_fn_std,precision_mean,precision_std,recall_mean,recall_std,f1_mean,f1_std,aoi_raw_mean,aoi_raw_std,n_true_events_mean,n_true_events_std,mae_pass_count,mae_pass_count_n,mae_ok_kn,mae_ok,event_pass_count,event_pass_count_n,event_ok_kn,event_ok,aoi_pass_count,aoi_pass_count_n,aoi_ok_kn,aoi_ok,all_constraints_pass_count,all_constraints_pass_count_n,all_constraints_satisfied_kn,all_constraints_satisfied,constraint_display,n_policies,n_loss_masks,n_eval_rows
frozen_temporal_test,test,final,campus_senserl_bc,tau=0.5 (legacy mean of 5),0.0,,1,single_run,mean_of_5,legacy_frozen_summary,legacy_frozen,,0.0,,0.0,,0.0,0.1976983160022289,0.0,0.802301683997771,0.0,9.004188944374237,0.0,,0.0,,0.0,,0.0,0.8806468256300736,0.0,0.9254901960784314,0.0,0.9025008325008326,0.0,2.129224070906546,0.0,,0.0,0,1,0/1,False,0,1,0/1,False,1,1,1/1,True,0,1,0/1,False,0/1,,,
frozen_temporal_test,test,final,cmappo_kl,tau=0.5,0.0,,5,mean_of_n,"123,2024,3407,42,9999",revision_eval,new_evaluation,211758.0,0.0,46090.4,1507.5988524803274,46090.4,1507.5988524803274,0.21765600355122353,0.007119442252383953,0.7823439964487764,0.007119442252383993,8.612843442936295,0.1088610925793988,97.2,0.8366600265340756,9.2,1.7888543819998317,4.8,0.8366600265340756,0.9137775596384017,0.01507415371375462,0.9529411764705882,0.00820254927974589,0.93286098544907,0.007098792111819172,1.945431503654175,0.07263707288196321,102.0,0.0,5,5,5/5,True,0,5,0/5,False,5,5,5/5,True,0,5,0/5,False,0/5,,,
frozen_temporal_test,test,final,delta_plus_heartbeat,"delta_ppm=25,heartbeat=3",0.0,,1,single_run,deterministic,revision_eval,new_evaluation,211758.0,0.0,57606.0,0.0,57606.0,0.0,0.2720369478366815,0.0,0.7279630521633185,0.0,8.790012455238985,0.0,98.0,0.0,23.0,0.0,4.0,0.0,0.8099173553719008,0.0,0.9607843137254902,0.0,0.8789237668161435,0.0,1.4026162338672057,0.0,102.0,0.0,1,1,1/1,True,0,1,0/1,False,1,1,1/1,True,0,1,0/1,False,0/1,,,
frozen_temporal_test,test,final,fixed_15,interval_steps=1 (15 min),0.0,,1,single_run,deterministic,revision_eval,new_evaluation,211758.0,0.0,211758.0,0.0,211758.0,0.0,1.0,0.0,0.0,0.0,,0.0,102.0,0.0,0.0,0.0,0.0,0.0,1.0,0.0,1.0,0.0,1.0,0.0,0.0001554968123153,0.0,102.0,0.0,0,1,N/A,N/A,1,1,1/1,True,1,1,1/1,True,0,1,N/A,N/A,N/A (full-transmission reference),,,
frozen_temporal_test,test,final,fixed_30,interval_steps=2 (30 min),0.0,,1,single_run,deterministic,revision_eval,new_evaluation,211758.0,0.0,106077.0,0.0,106077.0,0.0,0.5009350296092709,0.0,0.499064970390729,0.0,9.36349012594506,0.0,45.0,0.0,76.0,0.0,57.0,0.0,0.371900826446281,0.0,0.4411764705882353,0.0,0.4035874439461883,0.0,0.530146944487638,0.0,102.0,0.0,0,1,0/1,False,0,1,0/1,False,1,1,1/1,True,0,1,0/1,False,0/1,,,
frozen_temporal_test,test,final,fixed_45,interval_steps=3 (45 min),0.0,,1,single_run,deterministic,revision_eval,new_evaluation,211758.0,0.0,70634.0,0.0,70634.0,0.0,0.3335600071780051,0.0,0.6664399928219948,0.0,9.9274609563221,0.0,36.0,0.0,99.0,0.0,66.0,0.0,0.2666666666666666,0.0,0.3529411764705882,0.0,0.3037974683544304,0.0,1.1252837816824754,0.0,102.0,0.0,0,1,0/1,False,0,1,0/1,False,1,1,1/1,True,0,1,0/1,False,0/1,,,
frozen_temporal_test,test,final,fixed_60,interval_steps=4 (60 min),0.0,,1,single_run,deterministic,revision_eval,new_evaluation,211758.0,0.0,52646.0,0.0,52646.0,0.0,0.2486139838872675,0.0,0.7513860161127325,0.0,10.550982955402484,0.0,27.0,0.0,63.0,0.0,75.0,0.0,0.3,0.0,0.2647058823529412,0.0,0.28125,0.0,1.7559633027522936,0.0,102.0,0.0,0,1,0/1,False,0,1,0/1,False,1,1,1/1,True,0,1,0/1,False,0/1,,,
frozen_temporal_test,test,final,fixed_75,interval_steps=5 (75 min),0.0,,1,single_run,deterministic,revision_eval,new_evaluation,211758.0,0.0,42356.0,0.0,42356.0,0.0,0.2000207784357615,0.0,0.7999792215642384,0.0,10.849440974722848,0.0,26.0,0.0,72.0,0.0,76.0,0.0,0.2653061224489796,0.0,0.2549019607843137,0.0,0.2599999999999999,0.0,2.162770175711398,0.0,102.0,0.0,0,1,0/1,False,0,1,0/1,False,1,1,1/1,True,0,1,0/1,False,0/1,,,
frozen_temporal_test,test,final,fixed_90,interval_steps=6 (90 min),0.0,,1,single_run,deterministic,revision_eval,new_evaluation,211758.0,0.0,35435.0,0.0,35435.0,0.0,0.1673372434571539,0.0,0.832662756542846,0.0,11.338452725963148,0.0,12.0,0.0,91.0,0.0,90.0,0.0,0.116504854368932,0.0,0.1176470588235294,0.0,0.1170731707317073,0.0,2.665234800186596,0.0,102.0,0.0,0,1,0/1,False,0,1,0/1,False,1,1,1/1,True,0,1,0/1,False,0/1,,,
frozen_temporal_test,test,final,semantic_expert,frozen_expert_thresholds,0.0,,1,single_run,deterministic,revision_eval,new_evaluation,211758.0,0.0,54092.0,0.0,54092.0,0.0,0.2554425334580039,0.0,0.7445574665419961,0.0,7.216203874012153,0.0,100.0,0.0,7.0,0.0,2.0,0.0,0.9345794392523364,0.0,0.9803921568627452,0.0,0.9569377990430622,0.0,1.7669841393251438,0.0,102.0,0.0,1,1,1/1,True,0,1,0/1,False,1,1,1/1,True,0,1,0/1,False,0/1,,,
heldout_sensors,test,heldout,campus_senserl_bc,tau=0.5,0.0,,5,mean_of_n,"123,2024,3407,42,9999",legacy_frozen_csv,legacy_frozen,211524.0,0.0,42894.4,269.94869882998137,42894.4,269.94869882998137,0.20278739055615436,0.0012762083679865356,0.7972126094438456,0.0012762083679865187,8.958774368220675,0.047804252458801634,1224.8,0.44721359549995804,34.2,5.310367218940701,6.2,0.44721359549995787,0.972848892691794,0.004119653275361382,0.9949634443541837,0.00036329292891958907,0.9837786638591082,0.002198781880873,2.1262976208987716,0.022404174798524457,1231.0,0.0,4,5,4/5,False,5,5,5/5,True,5,5,5/5,True,4,5,4/5,False,4/5,,,
heldout_sensors,test,heldout,cmappo_kl,tau=0.5,0.0,,5,mean_of_n,"123,2024,3407,42,9999",revision_eval,new_evaluation,211524.0,0.0,46903.2,1486.0348919187597,46903.2,1486.0348919187597,0.22173937709196118,0.007025372496353891,0.7782606229080387,0.00702537249635386,8.49505339274015,0.1300450088477589,1226.6,0.8944271909999159,10.8,5.495452665613635,4.4,0.8944271909999159,0.9912892434877696,0.004389201498198368,0.99642567018684,0.0007265858578391223,0.9938459908907176,0.0019961578133845374,1.9352550147721974,0.0858421496047424,1231.0,0.0,5,5,5/5,True,5,5,5/5,True,5,5,5/5,True,5,5,5/5,True,5/5,,,
heldout_sensors,test,heldout,delta_plus_heartbeat,"delta_ppm=25,heartbeat=3",0.0,,1,single_run,deterministic,revision_eval,new_evaluation,211524.0,0.0,57562.0,0.0,57562.0,0.0,0.2721298765151945,0.0,0.7278701234848055,0.0,9.440991933074397,0.0,1216.0,0.0,56.0,0.0,15.0,0.0,0.9559748427672956,0.0,0.9878147847278635,0.0,0.9716340391530164,0.0,1.4438345513916964,0.0,1231.0,0.0,0,1,0/1,False,1,1,1/1,True,1,1,1/1,True,0,1,0/1,False,0/1,,,
heldout_sensors,test,heldout,fixed_15,interval_steps=1 (15 min),0.0,,1,single_run,deterministic,revision_eval,new_evaluation,211524.0,0.0,211524.0,0.0,211524.0,0.0,1.0,0.0,0.0,0.0,,0.0,1231.0,0.0,0.0,0.0,0.0,0.0,1.0,0.0,1.0,0.0,1.0,0.0,6.219872492613902e-05,0.0,1231.0,0.0,0,1,N/A,N/A,1,1,1/1,True,1,1,1/1,True,0,1,N/A,N/A,N/A (full-transmission reference),,,
heldout_sensors,test,heldout,fixed_30,interval_steps=2 (30 min),0.0,,1,single_run,deterministic,revision_eval,new_evaluation,211524.0,0.0,106023.0,0.0,106023.0,0.0,0.5012339025358824,0.0,0.4987660974641176,0.0,11.635226206386667,0.0,1062.0,0.0,134.0,0.0,169.0,0.0,0.8879598662207357,0.0,0.8627132412672623,0.0,0.8751545117428925,0.0,0.5472088322189396,0.0,1231.0,0.0,0,1,0/1,False,0,1,0/1,False,1,1,1/1,True,0,1,0/1,False,0/1,,,
heldout_sensors,test,heldout,fixed_45,interval_steps=3 (45 min),0.0,,1,single_run,deterministic,revision_eval,new_evaluation,211524.0,0.0,70352.0,0.0,70352.0,0.0,0.3325958283693576,0.0,0.6674041716306424,0.0,13.423398407616242,0.0,964.0,0.0,219.0,0.0,267.0,0.0,0.8148774302620456,0.0,0.7831031681559708,0.0,0.7986743993371996,0.0,1.1287824599595708,0.0,1231.0,0.0,0,1,0/1,False,0,1,0/1,False,1,1,1/1,True,0,1,0/1,False,0/1,,,
heldout_sensors,test,heldout,fixed_60,interval_steps=4 (60 min),0.0,,1,single_run,deterministic,revision_eval,new_evaluation,211524.0,0.0,52665.0,0.0,52665.0,0.0,0.248978839280649,0.0,0.751021160719351,0.0,14.769178957440246,0.0,915.0,0.0,261.0,0.0,316.0,0.0,0.7780612244897959,0.0,0.743298131600325,0.0,0.7602825093477358,0.0,1.760087855698958,0.0,1231.0,0.0,0,1,0/1,False,0,1,0/1,False,1,1,1/1,True,0,1,0/1,False,0/1,,,
heldout_sensors,test,heldout,fixed_75,interval_steps=5 (75 min),0.0,,1,single_run,deterministic,revision_eval,new_evaluation,211524.0,0.0,42402.0,0.0,42402.0,0.0,0.2004595223237079,0.0,0.799540477676292,0.0,15.642808150329348,0.0,851.0,0.0,296.0,0.0,380.0,0.0,0.7419354838709677,0.0,0.6913078797725426,0.0,0.7157275021026072,0.0,2.20323433369616,0.0,1231.0,0.0,0,1,0/1,False,0,1,0/1,False,1,1,1/1,True,0,1,0/1,False,0/1,,,
heldout_sensors,test,heldout,fixed_90,interval_steps=6 (90 min),0.0,,1,single_run,deterministic,revision_eval,new_evaluation,211524.0,0.0,35265.0,0.0,35265.0,0.0,0.1667186702218188,0.0,0.8332813297781811,0.0,16.624898586738833,0.0,864.0,0.0,346.0,0.0,367.0,0.0,0.7140495867768595,0.0,0.7018683996750609,0.0,0.7079065956575173,0.0,2.733218006530866,0.0,1231.0,0.0,0,1,0/1,False,0,1,0/1,False,1,1,1/1,True,0,1,0/1,False,0/1,,,
heldout_sensors,test,heldout,semantic_expert,frozen_expert_thresholds,0.0,,1,single_run,deterministic,revision_eval,new_evaluation,211524.0,0.0,54280.0,0.0,54280.0,0.0,0.2566139066961668,0.0,0.7433860933038332,0.0,7.230393528528911,0.0,1229.0,0.0,9.0,0.0,2.0,0.0,0.9927302100161552,0.0,0.9983753046303818,0.0,0.9955447549615228,0.0,1.773099051469445,0.0,1231.0,0.0,1,1,1/1,True,1,1,1/1,True,1,1,1/1,True,1,1,1/1,True,1/1,,,
heldout_sensors,val,heldout,campus_senserl_bc,tau=0.5,0.0,,5,mean_of_n,"123,2024,3407,42,9999",legacy_frozen_csv,legacy_frozen,203488.0,0.0,42108.4,282.55937429149293,42108.4,282.55937429149293,0.206933086963359,0.0013885800356359531,0.7930669130366409,0.0013885800356359757,9.334631744885735,0.13614280400924106,1683.4,1.5165750888103102,57.0,10.392304845413264,8.6,1.51657508881031,0.9672739118161664,0.005757074254780626,0.994917257683215,0.0008963209744742695,0.9808950449200511,0.0032576138426834247,2.1025330430726172,0.019897394030599518,1692.0,0.0,0,5,0/5,False,5,5,5/5,True,5,5,5/5,True,0,5,0/5,False,0/5,,,
validation_cohort,val,final,campus_senserl_bc,tau=0.5 (legacy mean of 5),0.0,,1,single_run,mean_of_5,legacy_frozen_summary,legacy_frozen,,0.0,,0.0,,0.0,0.2024118173246621,0.0,0.7975881826753378,0.0,9.204679195085538,0.0,,0.0,,0.0,,0.0,0.970192326752546,0.0,0.9929782082324456,0.0,0.9814528134079998,0.0,2.125630539573939,0.0,,0.0,0,1,0/1,False,1,1,1/1,True,1,1,1/1,True,0,1,0/1,False,0/1,,,
validation_cohort,val,final,cmappo_kl,tau=0.5,0.0,,5,mean_of_n,"123,2024,3407,42,9999",revision_eval,new_evaluation,206815.0,0.0,45933.2,1497.5488973652912,45933.2,1497.5488973652912,0.2220980102990595,0.007241007167590813,0.7779019897009405,0.007241007167590802,8.742403611902981,0.13828572702839373,821.4,1.1401754250991378,12.6,5.412947441089743,4.6,1.1401754250991378,0.9849194370427231,0.006367973977900219,0.9944309927360774,0.0013803576575049511,0.9896465943715731,0.0038042418624563267,1.927891463225004,0.08305142533727662,826.0,0.0,5,5,5/5,True,5,5,5/5,True,5,5,5/5,True,5,5,5/5,True,5/5,,,
validation_cohort,val,final,delta_plus_heartbeat,"delta_ppm=100,heartbeat=3",0.0,,1,single_run,deterministic,revision_eval,new_evaluation,206815.0,0.0,51891.0,0.0,51891.0,0.0,0.250905398544593,0.0,0.749094601455407,0.0,10.569679326637576,0.0,808.0,0.0,103.0,0.0,18.0,0.0,0.8869374313940724,0.0,0.9782082324455206,0.0,0.9303396660909614,0.0,1.4979513294977451,0.0,826.0,0.0,0,1,0/1,False,0,1,0/1,False,1,1,1/1,True,0,1,0/1,False,0/1,,,
validation_cohort,val,final,delta_plus_heartbeat,"delta_ppm=100,heartbeat=4",0.0,,1,single_run,deterministic,revision_eval,new_evaluation,206815.0,0.0,41573.0,0.0,41573.0,0.0,0.2010154002369267,0.0,0.7989845997630733,0.0,11.17594195180402,0.0,798.0,0.0,111.0,0.0,28.0,0.0,0.8778877887788779,0.0,0.9661016949152542,0.0,0.919884726224784,0.0,1.9996928937956773,0.0,826.0,0.0,0,1,0/1,False,0,1,0/1,False,1,1,1/1,True,0,1,0/1,False,0/1,,,
validation_cohort,val,final,delta_plus_heartbeat,"delta_ppm=100,heartbeat=5",0.0,,1,single_run,deterministic,revision_eval,new_evaluation,206815.0,0.0,34682.0,0.0,34682.0,0.0,0.1676957667480598,0.0,0.8323042332519401,0.0,11.738771763694352,0.0,782.0,0.0,128.0,0.0,44.0,0.0,0.8593406593406593,0.0,0.946731234866828,0.0,0.900921658986175,0.0,2.49197247706422,0.0,826.0,0.0,0,1,0/1,False,0,1,0/1,False,1,1,1/1,True,0,1,0/1,False,0/1,,,
validation_cohort,val,final,delta_plus_heartbeat,"delta_ppm=100,heartbeat=6",0.0,,1,single_run,deterministic,revision_eval,new_evaluation,206815.0,0.0,29769.0,0.0,29769.0,0.0,0.143940236443198,0.0,0.8560597635568019,0.0,12.32960360584255,0.0,760.0,0.0,149.0,0.0,66.0,0.0,0.8360836083608361,0.0,0.9200968523002422,0.0,0.8760806916426512,0.0,2.993597418752916,0.0,826.0,0.0,0,1,0/1,False,0,1,0/1,False,1,1,1/1,True,0,1,0/1,False,0/1,,,
validation_cohort,val,final,delta_plus_heartbeat,"delta_ppm=25,heartbeat=3",0.0,,1,single_run,deterministic,revision_eval,new_evaluation,206815.0,0.0,56198.0,0.0,56198.0,0.0,0.2717307738800377,0.0,0.7282692261199624,0.0,9.224011897727348,0.0,818.0,0.0,43.0,0.0,8.0,0.0,0.9500580720092916,0.0,0.9903147699757868,0.0,0.9697688203912268,0.0,1.4430765044316591,0.0,826.0,0.0,0,1,0/1,False,1,1,1/1,True,1,1,1/1,True,0,1,0/1,False,0/1,,,
validation_cohort,val,final,delta_plus_heartbeat,"delta_ppm=25,heartbeat=4",0.0,,1,single_run,deterministic,revision_eval,new_evaluation,206815.0,0.0,46256.0,0.0,46256.0,0.0,0.2236588255203926,0.0,0.7763411744796074,0.0,9.647045634315113,0.0,816.0,0.0,60.0,0.0,10.0,0.0,0.9315068493150684,0.0,0.9878934624697336,0.0,0.9588719153936546,0.0,1.9077048670502248,0.0,826.0,0.0,0,1,0/1,False,1,1,1/1,True,1,1,1/1,True,0,1,0/1,False,0/1,,,
validation_cohort,val,final,delta_plus_heartbeat,"delta_ppm=25,heartbeat=5",0.0,,1,single_run,deterministic,revision_eval,new_evaluation,206815.0,0.0,39654.0,0.0,39654.0,0.0,0.1917365761671058,0.0,0.8082634238328941,0.0,10.056430626761026,0.0,817.0,0.0,60.0,0.0,9.0,0.0,0.9315849486887116,0.0,0.9891041162227604,0.0,0.9594832648267764,0.0,2.372364329031255,0.0,826.0,0.0,0,1,0/1,False,1,1,1/1,True,1,1,1/1,True,0,1,0/1,False,0/1,,,
validation_cohort,val,final,delta_plus_heartbeat,"delta_ppm=25,heartbeat=6",0.0,,1,single_run,deterministic,revision_eval,new_evaluation,206815.0,0.0,34921.0,0.0,34921.0,0.0,0.1688513889224669,0.0,0.831148611077533,0.0,10.492885150150672,0.0,816.0,0.0,70.0,0.0,10.0,0.0,0.9209932279909706,0.0,0.9878934624697336,0.0,0.9532710280373832,0.0,2.831507541595397,0.0,826.0,0.0,0,1,0/1,False,1,1,1/1,True,1,1,1/1,True,0,1,0/1,False,0/1,,,
validation_cohort,val,final,delta_plus_heartbeat,"delta_ppm=50,heartbeat=3",0.0,,1,single_run,deterministic,revision_eval,new_evaluation,206815.0,0.0,52459.0,0.0,52459.0,0.0,0.2536518144235186,0.0,0.7463481855764814,0.0,10.087777605016974,0.0,806.0,0.0,73.0,0.0,20.0,0.0,0.9169510807736064,0.0,0.9757869249394672,0.0,0.9454545454545454,0.0,1.4920230135282226,0.0,826.0,0.0,0,1,0/1,False,0,1,0/1,False,1,1,1/1,True,0,1,0/1,False,0/1,,,
validation_cohort,val,final,delta_plus_heartbeat,"delta_ppm=50,heartbeat=4",0.0,,1,single_run,deterministic,revision_eval,new_evaluation,206815.0,0.0,42178.0,0.0,42178.0,0.0,0.2039407199671203,0.0,0.7960592800328796,0.0,10.597107576061276,0.0,798.0,0.0,87.0,0.0,28.0,0.0,0.9016949152542372,0.0,0.9661016949152542,0.0,0.9327878433664524,0.0,1.9891851967034675,0.0,826.0,0.0,0,1,0/1,False,0,1,0/1,False,1,1,1/1,True,0,1,0/1,False,0/1,,,
validation_cohort,val,final,delta_plus_heartbeat,"delta_ppm=50,heartbeat=5",0.0,,1,single_run,deterministic,revision_eval,new_evaluation,206815.0,0.0,35326.0,0.0,35326.0,0.0,0.1708096608079684,0.0,0.8291903391920316,0.0,11.132871496130948,0.0,796.0,0.0,105.0,0.0,30.0,0.0,0.8834628190899001,0.0,0.9636803874092008,0.0,0.9218297625940938,0.0,2.4793266988026748,0.0,826.0,0.0,0,1,0/1,False,0,1,0/1,False,1,1,1/1,True,0,1,0/1,False,0/1,,,
validation_cohort,val,final,delta_plus_heartbeat,"delta_ppm=50,heartbeat=6",0.0,,1,single_run,deterministic,revision_eval,new_evaluation,206815.0,0.0,30452.0,0.0,30452.0,0.0,0.1472427048328216,0.0,0.8527572951671785,0.0,11.60276248419453,0.0,791.0,0.0,84.0,0.0,35.0,0.0,0.904,0.0,0.9576271186440678,0.0,0.9300411522633746,0.0,2.9730446275851343,0.0,826.0,0.0,0,1,0/1,False,0,1,0/1,False,1,1,1/1,True,0,1,0/1,False,0/1,,,
validation_cohort,val,final,delta_plus_heartbeat,"delta_ppm=75,heartbeat=3",0.0,,1,single_run,deterministic,revision_eval,new_evaluation,206815.0,0.0,52049.0,0.0,52049.0,0.0,0.2516693663418998,0.0,0.7483306336581002,0.0,10.393316361474742,0.0,803.0,0.0,77.0,0.0,23.0,0.0,0.9125,0.0,0.9721549636803876,0.0,0.9413833528722158,0.0,1.4975509252060333,0.0,826.0,0.0,0,1,0/1,False,0,1,0/1,False,1,1,1/1,True,0,1,0/1,False,0/1,,,
validation_cohort,val,final,delta_plus_heartbeat,"delta_ppm=75,heartbeat=4",0.0,,1,single_run,deterministic,revision_eval,new_evaluation,206815.0,0.0,41731.0,0.0,41731.0,0.0,0.2017793680342335,0.0,0.7982206319657665,0.0,10.977962734123237,0.0,797.0,0.0,99.0,0.0,29.0,0.0,0.8895089285714286,0.0,0.9648910411622276,0.0,0.9256678281068524,0.0,1.996003731923496,0.0,826.0,0.0,0,1,0/1,False,0,1,0/1,False,1,1,1/1,True,0,1,0/1,False,0/1,,,
validation_cohort,val,final,delta_plus_heartbeat,"delta_ppm=75,heartbeat=5",0.0,,1,single_run,deterministic,revision_eval,new_evaluation,206815.0,0.0,34859.0,0.0,34859.0,0.0,0.1685516040906123,0.0,0.8314483959093877,0.0,11.520609923468797,0.0,792.0,0.0,112.0,0.0,34.0,0.0,0.8761061946902655,0.0,0.9588377723970944,0.0,0.915606936416185,0.0,2.489332918675167,0.0,826.0,0.0,0,1,0/1,False,0,1,0/1,False,1,1,1/1,True,0,1,0/1,False,0/1,,,
validation_cohort,val,final,delta_plus_heartbeat,"delta_ppm=75,heartbeat=6",0.0,,1,single_run,deterministic,revision_eval,new_evaluation,206815.0,0.0,29948.0,0.0,29948.0,0.0,0.1448057442641974,0.0,0.8551942557358025,0.0,12.06444955814256,0.0,769.0,0.0,125.0,0.0,57.0,0.0,0.860178970917226,0.0,0.9309927360774818,0.0,0.8941860465116279,0.0,2.988466023946509,0.0,826.0,0.0,0,1,0/1,False,0,1,0/1,False,1,1,1/1,True,0,1,0/1,False,0/1,,,
validation_cohort,val,final,fixed_15,interval_steps=1 (15 min),0.0,,1,single_run,deterministic,revision_eval,new_evaluation,206815.0,0.0,206815.0,0.0,206815.0,0.0,1.0,0.0,0.0,0.0,,0.0,826.0,0.0,0.0,0.0,0.0,0.0,1.0,0.0,1.0,0.0,1.0,0.0,0.0010884776862074,0.0,826.0,0.0,0,1,N/A,N/A,1,1,1/1,True,1,1,1/1,True,0,1,N/A,N/A,N/A (full-transmission reference),,,
validation_cohort,val,final,fixed_30,interval_steps=2 (30 min),0.0,,1,single_run,deterministic,revision_eval,new_evaluation,206815.0,0.0,103504.0,0.0,103504.0,0.0,0.500466600585064,0.0,0.499533399414936,0.0,9.659978124304285,0.0,769.0,0.0,83.0,0.0,57.0,0.0,0.9025821596244132,0.0,0.9309927360774818,0.0,0.9165673420738976,0.0,0.6013878090499145,0.0,826.0,0.0,0,1,0/1,False,0,1,0/1,False,1,1,1/1,True,0,1,0/1,False,0/1,,,
validation_cohort,val,final,fixed_45,interval_steps=3 (45 min),0.0,,1,single_run,deterministic,revision_eval,new_evaluation,206815.0,0.0,68883.0,0.0,68883.0,0.0,0.3330657834296351,0.0,0.6669342165703649,0.0,10.474124931125482,0.0,748.0,0.0,124.0,0.0,78.0,0.0,0.8577981651376146,0.0,0.9055690072639224,0.0,0.8810365135453475,0.0,1.201675478152698,0.0,826.0,0.0,0,1,0/1,False,0,1,0/1,False,1,1,1/1,True,0,1,0/1,False,0/1,,,
validation_cohort,val,final,fixed_60,interval_steps=4 (60 min),0.0,,1,single_run,deterministic,revision_eval,new_evaluation,206815.0,0.0,51149.0,0.0,51149.0,0.0,0.2473176510407852,0.0,0.7526823489592147,0.0,11.335269101794868,0.0,733.0,0.0,123.0,0.0,93.0,0.0,0.8563084112149533,0.0,0.887409200968523,0.0,0.8715814506539834,0.0,1.88528611413466,0.0,826.0,0.0,0,1,0/1,False,0,1,0/1,False,1,1,1/1,True,0,1,0/1,False,0/1,,,
validation_cohort,val,final,fixed_75,interval_steps=5 (75 min),0.0,,1,single_run,deterministic,revision_eval,new_evaluation,206815.0,0.0,41325.0,0.0,41325.0,0.0,0.1998162609095085,0.0,0.8001837390904916,0.0,11.755109070034443,0.0,731.0,0.0,136.0,0.0,95.0,0.0,0.8431372549019608,0.0,0.8849878934624698,0.0,0.8635558180744242,0.0,2.3895933758357955,0.0,826.0,0.0,0,1,0/1,False,0,1,0/1,False,1,1,1/1,True,0,1,0/1,False,0/1,,,
validation_cohort,val,final,fixed_90,interval_steps=6 (90 min),0.0,,1,single_run,deterministic,revision_eval,new_evaluation,206815.0,0.0,34419.0,0.0,34419.0,0.0,0.1664240988322897,0.0,0.8335759011677103,0.0,12.517337989280492,0.0,711.0,0.0,144.0,0.0,115.0,0.0,0.8315789473684211,0.0,0.860774818401937,0.0,0.8459250446162999,0.0,3.0066319390452496,0.0,826.0,0.0,0,1,0/1,False,0,1,0/1,False,1,1,1/1,True,0,1,0/1,False,0/1,,,
validation_cohort,val,final,semantic_expert,frozen_expert_thresholds,0.0,,1,single_run,deterministic,revision_eval,new_evaluation,206815.0,0.0,53994.0,0.0,53994.0,0.0,0.2610739066315306,0.0,0.7389260933684694,0.0,7.218922792024657,0.0,825.0,0.0,10.0,0.0,1.0,0.0,0.9880239520958084,0.0,0.9987893462469734,0.0,0.9933774834437086,0.0,1.748631628051625,0.0,826.0,0.0,1,1,1/1,True,1,1,1/1,True,1,1,1/1,True,1,1,1/1,True,1/1,,,
packet_loss,val,final,cmappo_kl,tau=0.5,0.0,,5,mean_over_masks_then_sd_across_policies,"123,2024,3407,42,9999",revision_eval,new_evaluation,206815.0,0.0,45933.2,1497.5488973652912,45933.2,1497.5488973652912,0.2220980102990595,0.007241007167590813,0.7779019897009405,0.007241007167590802,8.742403611902981,0.13828572702839373,821.4,1.140175425099138,12.6,5.412947441089743,4.6,1.1401754250991378,0.9849194370427231,0.006367973977900219,0.9944309927360775,0.0013803576575049511,0.9896465943715731,0.0038042418624563267,1.927891463225004,0.08305142533727662,826.0,0.0,5,5,5/5,True,5,5,5/5,True,5,5,5/5,True,5,5,5/5,True,5/5,5.0,1.0,5.0
packet_loss,val,final,cmappo_kl,tau=0.5,0.1,,5,mean_over_masks_then_sd_across_policies,"123,2024,3407,42,9999",revision_eval,new_evaluation,206815.0,0.0,49505.6,1574.1729129927246,44577.31999999999,1415.1669272562865,0.23937141890095007,0.007611502613411611,0.7606285810990497,0.007611502613411682,8.976431643980769,0.13431880580616942,815.6400000000001,0.654217089351867,26.360000000000003,4.003498470088381,10.360000000000001,0.6542170893518447,0.9687206519803292,0.004603294620392904,0.9874576271186442,0.0007920303745179112,0.9779943642468891,0.002700242659864159,1.9978389053024412,0.08253911277641882,826.0,0.0,3,5,3/5,False,5,5,5/5,True,5,5,5/5,True,3,5,3/5,False,3/5,5.0,5.0,25.0
packet_loss,val,final,cmappo_kl,tau=0.5,0.2,,5,mean_over_masks_then_sd_across_policies,"123,2024,3407,42,9999",revision_eval,new_evaluation,206815.0,0.0,53796.240000000005,1662.7553602379396,43059.479999999996,1331.095568319571,0.260117689722699,0.008039819936841813,0.7398823102773008,0.008039819936841833,9.252819221398074,0.12991693869209456,805.72,0.26832815729997644,39.0,2.817800560721075,20.28,0.2683281572999749,0.9538509912750562,0.003175999934984411,0.9754479418886198,0.00032485249067797534,0.9645182603095714,0.0017758604855475908,2.087392162960659,0.08211113306234519,826.0,0.0,0,5,0/5,False,0,5,0/5,False,5,5,5/5,True,0,5,0/5,False,0/5,5.0,5.0,25.0
packet_loss,val,final,cmappo_kl,tau=0.5,0.4,,5,mean_over_masks_then_sd_across_policies,"123,2024,3407,42,9999",revision_eval,new_evaluation,206815.0,0.0,65297.159999999996,1807.3138709145112,39235.159999999996,1112.9313761414046,0.31572738921258126,0.008738794917750202,0.6842726107874186,0.008738794917750224,9.974754716259318,0.10594329950841666,782.5999999999999,0.4898979485566542,69.75999999999999,3.7132196272237934,43.400000000000006,0.4898979485566368,0.9181908839166685,0.004040131542449443,0.9474576271186441,0.0005930967900202277,0.9325760057460831,0.0023615064069213948,2.3704554501632717,0.08059917897424752,826.0,0.0,0,5,0/5,False,0,5,0/5,False,5,5,5/5,True,0,5,0/5,False,0/5,5.0,5.0,25.0
packet_loss,val,final,delta_plus_heartbeat,"delta_ppm=25,heartbeat=3",0.0,,1,single_run,deterministic,revision_eval,new_evaluation,206815.0,0.0,56198.0,0.0,56198.0,0.0,0.2717307738800377,0.0,0.7282692261199624,0.0,9.224011897727348,0.0,818.0,0.0,43.0,0.0,8.0,0.0,0.9500580720092916,0.0,0.9903147699757868,0.0,0.9697688203912268,0.0,1.4430765044316591,0.0,826.0,0.0,0,1,0/1,False,1,1,1/1,True,1,1,1/1,True,0,1,0/1,False,0/1,1.0,1.0,1.0
packet_loss,val,final,delta_plus_heartbeat,"delta_ppm=25,heartbeat=3",0.1,,5,mean_sd_across_shared_loss_masks,deterministic,revision_eval,new_evaluation,206815.0,0.0,60294.8,43.20532374603852,54259.6,44.30914126904289,0.291539781930711,0.00020890807603916943,0.708460218069289,0.00020890807603910885,9.493247522932602,0.01571508389067244,810.6,2.073644135332772,55.6,4.560701700396551,15.4,2.073644135332772,0.9358290257974143,0.004963286075363132,0.9813559322033898,0.002510465054882247,0.9580471636338039,0.003238671524093604,1.515798476131239,0.0015162957534635808,826.0,0.0,0,5,0/5,False,0,5,0/5,False,5,5,5/5,True,0,5,0/5,False,0/5,1.0,5.0,5.0
packet_loss,val,final,delta_plus_heartbeat,"delta_ppm=25,heartbeat=3",0.2,,5,mean_sd_across_shared_loss_masks,deterministic,revision_eval,new_evaluation,206815.0,0.0,65078.0,54.101755978895916,52114.0,62.3377895020348,0.31466769818436763,0.00026159493256725283,0.6853323018156323,0.0002615949325672595,9.77803794690646,0.021748165098443458,800.0,2.8284271247461903,67.2,6.978538528947161,26.0,2.8284271247461903,0.9225527979306252,0.007485482520054771,0.9685230024213075,0.0034242459137363433,0.9449669003552094,0.004593039260910378,1.610409734100451,0.001398211111280504,826.0,0.0,0,5,0/5,False,0,5,0/5,False,5,5,5/5,True,0,5,0/5,False,0/5,1.0,5.0,5.0
packet_loss,val,final,delta_plus_heartbeat,"delta_ppm=25,heartbeat=3",0.4,,5,mean_sd_across_shared_loss_masks,deterministic,revision_eval,new_evaluation,206815.0,0.0,77855.2,128.4355869687214,46782.8,87.81628550559401,0.37644851679036817,0.0006210167877993378,0.6235514832096317,0.0006210167877993566,10.499814983398974,0.029928681065074587,777.4,7.021395872616783,93.8,6.1400325732035,48.6,7.021395872616783,0.8923666647301826,0.006205094913729055,0.9411622276029055,0.008500479264669215,0.9160915288315428,0.00522518515204946,1.908301974809517,0.0033607772675577534,826.0,0.0,0,5,0/5,False,0,5,0/5,False,5,5,5/5,True,0,5,0/5,False,0/5,1.0,5.0,5.0
packet_loss,val,final,fixed_60,interval_steps=4 (60 min),0.0,,1,single_run,deterministic,revision_eval,new_evaluation,206815.0,0.0,51149.0,0.0,51149.0,0.0,0.2473176510407852,0.0,0.7526823489592147,0.0,11.335269101794868,0.0,733.0,0.0,123.0,0.0,93.0,0.0,0.8563084112149533,0.0,0.887409200968523,0.0,0.8715814506539834,0.0,1.88528611413466,0.0,826.0,0.0,0,1,0/1,False,0,1,0/1,False,1,1,1/1,True,0,1,0/1,False,0/1,1.0,1.0,1.0
packet_loss,val,final,fixed_60,interval_steps=4 (60 min),0.1,,5,mean_sd_across_shared_loss_masks,deterministic,revision_eval,new_evaluation,206815.0,0.0,51149.0,0.0,45965.6,55.73419058351884,0.2473176510407852,0.0,0.7526823489592147,0.0,11.89060208616156,0.030371641239594908,726.6,7.021395872616783,132.6,6.8044103344816005,99.4,7.021395872616783,0.8457198844458231,0.006247009386620521,0.8796610169491526,0.008500479264669234,0.8623246858311383,0.004516119554100087,2.3414033587311462,0.0076490398720640475,826.0,0.0,0,5,0/5,False,0,5,0/5,False,5,5,5/5,True,0,5,0/5,False,0/5,1.0,5.0,5.0
packet_loss,val,final,fixed_60,interval_steps=4 (60 min),0.2,,5,mean_sd_across_shared_loss_masks,deterministic,revision_eval,new_evaluation,206815.0,0.0,51149.0,0.0,40871.8,50.95291944530755,0.2473176510407852,0.0,0.7526823489592147,0.0,12.515790964496285,0.07690924421282452,718.4,10.430723848324238,139.4,12.759310326189265,107.6,10.430723848324238,0.8376942494360758,0.010669904732889025,0.8697336561743342,0.012627994973758164,0.8533028778387051,0.0042590669473894964,2.9024965013217225,0.013449260627563173,826.0,0.0,0,5,0/5,False,0,5,0/5,False,5,5,5/5,True,0,5,0/5,False,0/5,1.0,5.0,5.0
packet_loss,val,final,fixed_60,interval_steps=4 (60 min),0.4,,5,mean_sd_across_shared_loss_masks,deterministic,revision_eval,new_evaluation,206815.0,0.0,51149.0,0.0,30630.6,72.05761583621816,0.2473176510407852,0.0,0.7526823489592147,0.0,14.153785241670828,0.14547397152213645,700.4,12.0124934963562,159.2,15.817711591756881,125.6,12.0124934963562,0.8150355855125889,0.013987271655563328,0.8479418886198549,0.014542970334571676,0.8310429760746262,0.008953479752357605,4.61498522780283,0.0276497186811487,826.0,0.0,0,5,0/5,False,0,5,0/5,False,0,5,0/5,False,0,5,0/5,False,0/5,1.0,5.0,5.0
packet_loss,val,final,fixed_75,interval_steps=5 (75 min),0.0,,1,single_run,deterministic,revision_eval,new_evaluation,206815.0,0.0,41325.0,0.0,41325.0,0.0,0.1998162609095085,0.0,0.8001837390904916,0.0,11.755109070034443,0.0,731.0,0.0,136.0,0.0,95.0,0.0,0.8431372549019608,0.0,0.8849878934624698,0.0,0.8635558180744242,0.0,2.3895933758357955,0.0,826.0,0.0,0,1,0/1,False,0,1,0/1,False,1,1,1/1,True,0,1,0/1,False,0/1,1.0,1.0,1.0
packet_loss,val,final,fixed_75,interval_steps=5 (75 min),0.1,,5,mean_sd_across_shared_loss_masks,deterministic,revision_eval,new_evaluation,206815.0,0.0,41325.0,0.0,37199.0,61.00409822298826,0.1998162609095085,0.0,0.8001837390904916,0.0,12.375155399029765,0.040499172524390656,726.8,4.764451699828639,149.6,3.4351128074635335,99.2,4.764451699828638,0.8292979859918516,0.0040878637681793445,0.8799031476997579,0.005768101331511689,0.8538501357771471,0.004792081228946307,2.940230135282227,0.007954436831232307,826.0,0.0,0,5,0/5,False,0,5,0/5,False,5,5,5/5,True,0,5,0/5,False,0/5,1.0,5.0,5.0
packet_loss,val,final,fixed_75,interval_steps=5 (75 min),0.2,,5,mean_sd_across_shared_loss_masks,deterministic,revision_eval,new_evaluation,206815.0,0.0,41325.0,0.0,33066.6,114.21383453855317,0.1998162609095085,0.0,0.8001837390904916,0.0,13.07443151834199,0.07907754283333221,713.2,3.898717737923586,167.2,15.3687995627505,112.8,3.8987177379235853,0.8102883476870794,0.013678873065720272,0.8634382566585957,0.004719997261408677,0.8359591710409285,0.007163572469273254,3.6374241953039963,0.033554503426641485,826.0,0.0,0,5,0/5,False,0,5,0/5,False,0,5,0/5,False,0,5,0/5,False,0/5,1.0,5.0,5.0
packet_loss,val,final,fixed_75,interval_steps=5 (75 min),0.4,,5,mean_sd_across_shared_loss_masks,deterministic,revision_eval,new_evaluation,206815.0,0.0,41325.0,0.0,24839.8,78.59198432410268,0.1998162609095085,0.0,0.8001837390904916,0.0,14.822031067414121,0.0313342524340425,686.4,24.643457549621562,178.0,11.76860229593982,139.6,24.643457549621562,0.7940797701313531,0.011695263657658083,0.8309927360774818,0.029834694370001934,0.811941141656147,0.017713294781374806,5.6935772041673145,0.03166348029144229,826.0,0.0,0,5,0/5,False,0,5,0/5,False,0,5,0/5,False,0,5,0/5,False,0/5,1.0,5.0,5.0
packet_loss,val,final,semantic_expert,frozen_expert_thresholds,0.0,,1,single_run,deterministic,revision_eval,new_evaluation,206815.0,0.0,53994.0,0.0,53994.0,0.0,0.2610739066315306,0.0,0.7389260933684694,0.0,7.218922792024657,0.0,825.0,0.0,10.0,0.0,1.0,0.0,0.9880239520958084,0.0,0.9987893462469734,0.0,0.9933774834437086,0.0,1.748631628051625,0.0,826.0,0.0,1,1,1/1,True,1,1,1/1,True,1,1,1/1,True,1,1,1/1,True,1/1,1.0,1.0,1.0
packet_loss,val,final,semantic_expert,frozen_expert_thresholds,0.1,,5,mean_sd_across_shared_loss_masks,deterministic,revision_eval,new_evaluation,206815.0,0.0,57501.6,72.77568275186431,51742.6,60.850636808500205,0.2780339917317409,0.00035188783575595023,0.7219660082682591,0.00035188783575591977,7.600709972291068,0.013166670477164686,817.6,2.5099800796022267,24.0,3.5355339059327378,8.4,2.5099800796022267,0.9714878886981808,0.00415852006926428,0.9898305084745763,0.003038716803392558,0.9805726494140121,0.003524641761955174,1.8261537863473798,0.0030255013313690965,826.0,0.0,5,5,5/5,True,5,5,5/5,True,5,5,5/5,True,5,5,5/5,True,5/5,1.0,5.0,5.0
packet_loss,val,final,semantic_expert,frozen_expert_thresholds,0.2,,5,mean_sd_across_shared_loss_masks,deterministic,revision_eval,new_evaluation,206815.0,0.0,61686.4,91.07304760465635,49339.2,22.609732417700126,0.29826850083407874,0.0004403599719781039,0.7017314991659213,0.00044035997197809494,8.019859277069951,0.022210460001924642,807.4,3.9115214431215892,38.8,2.489979919597747,18.6,3.9115214431215892,0.9541590445767192,0.0027148945622435614,0.9774818401937045,0.004735498115159235,0.965671047540139,0.0020636161083329775,1.9238353288757584,0.0026078978683798846,826.0,0.0,5,5,5/5,True,0,5,0/5,False,5,5,5/5,True,0,5,0/5,False,0/5,1.0,5.0,5.0
packet_loss,val,final,semantic_expert,frozen_expert_thresholds,0.4,,5,mean_sd_across_shared_loss_masks,deterministic,revision_eval,new_evaluation,206815.0,0.0,72931.2,175.85846581839613,43862.4,74.04930789683317,0.3526397988540483,0.0008503177517026975,0.6473602011459517,0.0008503177517027241,9.052548762839686,0.013800387007452205,783.4,6.2289646009589745,68.8,4.969909455915671,42.6,6.2289646009589745,0.9192793215166501,0.0055802324047669275,0.9484261501210651,0.007541119371621033,0.9336145282052911,0.005565233442816171,2.2207238376613274,0.00426145408025628,826.0,0.0,0,5,0/5,False,0,5,0/5,False,5,5,5/5,True,0,5,0/5,False,0/5,1.0,5.0,5.0
matched_budget,val,final,campus_senserl_bc,interpolated_target=75.0%,0.0,0.75,1,single_run,mean_of_5,legacy_frozen_summary,interpolated_legacy,,0.0,,0.0,,0.0,0.25,0.0,0.75,0.0,7.967005896143648,0.0,,0.0,,0.0,,0.0,0.9943902547280532,0.0,0.9975731144651776,0.0,,0.0,1.7003882416075846,0.0,,0.0,1,1,1/1,True,1,1,1/1,True,1,1,1/1,True,1,1,1/1,True,1/1,,,
matched_budget,val,final,campus_senserl_bc,interpolated_target=78.0%,0.0,0.78,1,single_run,mean_of_5,legacy_frozen_summary,interpolated_legacy,,0.0,,0.0,,0.0,0.2199999999999999,0.0,0.78,0.0,8.923299430437106,0.0,,0.0,,0.0,,0.0,0.9772144929373888,0.0,0.9932065187162592,0.0,,0.0,1.91769511818242,0.0,,0.0,1,1,1/1,True,1,1,1/1,True,1,1,1/1,True,1,1,1/1,True,1/1,,,
matched_budget,val,final,campus_senserl_bc,interpolated_target=80.0%,0.0,0.8,1,single_run,mean_of_5,legacy_frozen_summary,interpolated_legacy,,0.0,,0.0,,0.0,0.1999999999999999,0.0,0.8,0.0,9.254888475769937,0.0,,0.0,,0.0,,0.0,0.9684580211701737,0.0,0.9927110031177608,0.0,,0.0,2.1553599396977026,0.0,,0.0,0,1,0/1,False,1,1,1/1,True,1,1,1/1,True,0,1,0/1,False,0/1,,,
matched_budget,val,final,cmappo_kl,interpolated_target=75.0%,0.0,0.75,1,single_run,mean_of_5,legacy_frozen_summary,interpolated_legacy,,0.0,,0.0,,0.0,0.25,0.0,0.75,0.0,7.93555981437548,0.0,,0.0,,0.0,,0.0,0.9950750775883968,0.0,0.9979398867451732,0.0,,0.0,1.7190465962831518,0.0,,0.0,1,1,1/1,True,1,1,1/1,True,1,1,1/1,True,1,1,1/1,True,1/1,,,
matched_budget,val,final,cmappo_kl,interpolated_target=78.0%,0.0,0.78,1,single_run,mean_of_5,legacy_frozen_summary,interpolated_legacy,,0.0,,0.0,,0.0,0.2199999999999999,0.0,0.78,0.0,8.786740874606503,0.0,,0.0,,0.0,,0.0,0.98330904441825,0.0,0.9938762223438092,0.0,,0.0,1.9468158583103992,0.0,,0.0,1,1,1/1,True,1,1,1/1,True,1,1,1/1,True,1,1,1/1,True,1/1,,,
matched_budget,val,final,cmappo_kl,interpolated_target=80.0%,0.0,0.8,1,single_run,mean_of_5,legacy_frozen_summary,interpolated_legacy,,0.0,,0.0,,0.0,0.1999999999999999,0.0,0.8,0.0,9.174269668358622,0.0,,0.0,,0.0,,0.0,0.973186549911374,0.0,0.993060709639934,0.0,,0.0,2.176205748179893,0.0,,0.0,0,1,0/1,False,1,1,1/1,True,1,1,1/1,True,0,1,0/1,False,0/1,,,
matched_budget,val,final,cmappo_kl,tau=0.40 (nearest to 75%),0.0,0.75,5,mean_of_n,"123,2024,3407,42,9999",revision_eval,direct_measured,206815.0,0.0,50612.8,1455.9162750652938,50612.8,1455.9162750652938,0.24472499576916565,0.007039703479270337,0.7552750042308343,0.00703970347927032,8.070008568801864,0.1894604577910302,824.4,0.5477225575051662,5.0,1.0,1.6,0.5477225575051661,0.9939724127888627,0.0012004590992160749,0.9980629539951573,0.0006631023698609221,0.9960132516561482,0.0008091374414535617,1.7523814336806098,0.04941565251731566,826.0,0.0,5,5,5/5,True,5,5,5/5,True,5,5,5/5,True,5,5,5/5,True,5/5,,,
matched_budget,val,final,cmappo_kl,tau=0.50 (nearest to 78%),0.0,0.78,5,mean_of_n,"123,2024,3407,42,9999",revision_eval,direct_measured,206815.0,0.0,45933.2,1497.5488973652912,45933.2,1497.5488973652912,0.2220980102990595,0.007241007167590813,0.7779019897009405,0.007241007167590802,8.742403611902981,0.13828572702839373,821.4,1.1401754250991378,12.6,5.412947441089743,4.6,1.1401754250991378,0.9849194370427231,0.006367973977900219,0.9944309927360774,0.0013803576575049511,0.9896465943715731,0.0038042418624563267,1.927891463225004,0.08305142533727662,826.0,0.0,5,5,5/5,True,5,5,5/5,True,5,5,5/5,True,5,5,5/5,True,5/5,,,
matched_budget,val,final,cmappo_kl,tau=0.60 (nearest to 80%),0.0,0.8,5,mean_of_n,"123,2024,3407,42,9999",revision_eval,direct_measured,206815.0,0.0,41226.2,1231.33675328888,41226.2,1231.33675328888,0.19933853927423056,0.00595380776679102,0.8006614607257694,0.00595380776679099,9.200637985891786,0.14639987843690216,820.2,0.4472135954999579,22.6,5.504543577809153,5.8,0.4472135954999579,0.9732181196214865,0.0063373815794352,0.9929782082324456,0.0005414208177965152,0.9829902658993979,0.0032098137185190183,2.184734877935002,0.07799843506718793,826.0,0.0,0,5,0/5,False,5,5,5/5,True,5,5,5/5,True,0,5,0/5,False,0/5,,,
