scenario,split,cohort,method,configuration,run,checkpoint,packet_loss,target_reduction,n_available,n_tx_attempts,n_delivered,transmission_rate,transmission_reduction,mae,event_tp,event_fp,event_fn,precision,recall,f1,aoi_raw,mae_ok,event_ok,aoi_ok,all_constraints_satisfied,n_true_events,aggregation,source,packet_loss_mode,notes,policy_run,loss_mask_id,result_source,prob_threshold
matched_budget_tau_sweep,val,final,cmappo_kl,tau=0.50,42,C:\Users\test\Desktop\CAMPUS-SenseRL\results\rl_final\cmappo_kl\seed_42\best_model.pt,0.0,,206815.0,44162.0,44162.0,0.2135338345864661,0.7864661654135339,8.922798841705964,820.0,22.0,6.0,0.973871733966746,0.9927360774818402,0.9832134292565948,2.014538951951485,True,True,True,True,826.0,single_run,revision_eval,none,Copied from VAL tau=0.5 frozen-actor eval; not interpolated.,42,,direct_measured,0.5
matched_budget_tau_sweep,val,final,cmappo_kl,tau=0.50,123,C:\Users\test\Desktop\CAMPUS-SenseRL\results\rl_final\cmappo_kl\seed_123\best_model.pt,0.0,,206815.0,47548.0,47548.0,0.2299059545971037,0.7700940454028963,8.540526286047957,823.0,9.0,3.0,0.9891826923076924,0.99636803874092,0.9927623642943304,1.8489231845747165,True,True,True,True,826.0,single_run,revision_eval,none,Copied from VAL tau=0.5 frozen-actor eval; not interpolated.,123,,direct_measured,0.5
matched_budget_tau_sweep,val,final,cmappo_kl,tau=0.50,2024,C:\Users\test\Desktop\CAMPUS-SenseRL\results\rl_final\cmappo_kl\seed_2024\best_model.pt,0.0,,206815.0,44543.0,44543.0,0.2153760607306046,0.7846239392693953,8.794406921711694,821.0,12.0,5.0,0.985594237695078,0.9939467312348668,0.9897528631705848,2.0183874980562897,True,True,True,True,826.0,single_run,revision_eval,none,Copied from VAL tau=0.5 frozen-actor eval; not interpolated.,2024,,direct_measured,0.5
matched_budget_tau_sweep,val,final,cmappo_kl,tau=0.50,3407,C:\Users\test\Desktop\CAMPUS-SenseRL\results\rl_final\cmappo_kl\seed_3407\best_model.pt,0.0,,206815.0,46486.0,46486.0,0.2247709305417885,0.7752290694582115,8.72362454702518,822.0,9.0,4.0,0.9891696750902528,0.9951573849878934,0.992154496077248,1.8992691649821176,True,True,True,True,826.0,single_run,revision_eval,none,Copied from VAL tau=0.5 frozen-actor eval; not interpolated.,3407,,direct_measured,0.5
matched_budget_tau_sweep,val,final,cmappo_kl,tau=0.50,9999,C:\Users\test\Desktop\CAMPUS-SenseRL\results\rl_final\cmappo_kl\seed_9999\best_model.pt,0.0,,206815.0,46927.0,46927.0,0.2269032710393346,0.7730967289606654,8.730661463024116,821.0,11.0,5.0,0.986778846153846,0.9939467312348668,0.9903498190591074,1.8583385165604105,True,True,True,True,826.0,single_run,revision_eval,none,Copied from VAL tau=0.5 frozen-actor eval; not interpolated.,9999,,direct_measured,0.5
matched_budget_tau_sweep,val,final,cmappo_kl,tau=0.35,42,C:\Users\test\Desktop\CAMPUS-SenseRL\results\rl_final\cmappo_kl\seed_42\best_model.pt,0.0,,206815.0,51536.0,51536.0,0.2491888886202644,0.7508111113797356,7.923222071239511,824.0,5.0,2.0,0.993968636911942,0.9975786924939468,0.9957703927492448,1.7239387342559478,True,True,True,True,826.0,single_run,revision_eval,none,Direct VAL tau sweep on frozen actor; no interpolation,42,,direct_measured,0.35
matched_budget_tau_sweep,val,final,cmappo_kl,tau=0.35,123,C:\Users\test\Desktop\CAMPUS-SenseRL\results\rl_final\cmappo_kl\seed_123\best_model.pt,0.0,,206815.0,56997.0,56997.0,0.2755941300195827,0.7244058699804172,7.500954491449625,824.0,5.0,2.0,0.993968636911942,0.9975786924939468,0.9957703927492448,1.5432203389830508,True,True,True,True,826.0,single_run,revision_eval,none,Direct VAL tau sweep on frozen actor; no interpolation,123,,direct_measured,0.35
matched_budget_tau_sweep,val,final,cmappo_kl,tau=0.35,2024,C:\Users\test\Desktop\CAMPUS-SenseRL\results\rl_final\cmappo_kl\seed_2024\best_model.pt,0.0,,206815.0,52812.0,52812.0,0.2553586538694002,0.7446413461305998,7.826159230664338,824.0,2.0,2.0,0.9975786924939468,0.9975786924939468,0.9975786924939468,1.6951640491369926,True,True,True,True,826.0,single_run,revision_eval,none,Direct VAL tau sweep on frozen actor; no interpolation,2024,,direct_measured,0.35
matched_budget_tau_sweep,val,final,cmappo_kl,tau=0.35,3407,C:\Users\test\Desktop\CAMPUS-SenseRL\results\rl_final\cmappo_kl\seed_3407\best_model.pt,0.0,,206815.0,54563.0,54563.0,0.2638251577496797,0.7361748422503203,7.658270498909702,824.0,2.0,2.0,0.9975786924939468,0.9975786924939468,0.9975786924939468,1.6366739231845746,True,True,True,True,826.0,single_run,revision_eval,none,Direct VAL tau sweep on frozen actor; no interpolation,3407,,direct_measured,0.35
matched_budget_tau_sweep,val,final,cmappo_kl,tau=0.35,9999,C:\Users\test\Desktop\CAMPUS-SenseRL\results\rl_final\cmappo_kl\seed_9999\best_model.pt,0.0,,206815.0,55245.0,55245.0,0.2671227909000798,0.7328772090999203,7.636504585340107,824.0,2.0,2.0,0.9975786924939468,0.9975786924939468,0.9975786924939468,1.5912882910900326,True,True,True,True,826.0,single_run,revision_eval,none,Direct VAL tau sweep on frozen actor; no interpolation,9999,,direct_measured,0.35
matched_budget_tau_sweep,val,final,cmappo_kl,tau=0.40,42,C:\Users\test\Desktop\CAMPUS-SenseRL\results\rl_final\cmappo_kl\seed_42\best_model.pt,0.0,,206815.0,48785.0,48785.0,0.2358871455165244,0.7641128544834755,8.336923368980573,824.0,6.0,2.0,0.9927710843373494,0.9975786924939468,0.9951690821256038,1.80762323122376,True,True,True,True,826.0,single_run,revision_eval,none,Direct VAL tau sweep on frozen actor; no interpolation,42,,direct_measured,0.4
matched_budget_tau_sweep,val,final,cmappo_kl,tau=0.40,123,C:\Users\test\Desktop\CAMPUS-SenseRL\results\rl_final\cmappo_kl\seed_123\best_model.pt,0.0,,206815.0,52565.0,52565.0,0.2541643497812054,0.7458356502187946,7.843954619124798,825.0,5.0,1.0,0.993975903614458,0.9987893462469734,0.9963768115942028,1.6858459026589956,True,True,True,True,826.0,single_run,revision_eval,none,Direct VAL tau sweep on frozen actor; no interpolation,123,,direct_measured,0.4
matched_budget_tau_sweep,val,final,cmappo_kl,tau=0.40,2024,C:\Users\test\Desktop\CAMPUS-SenseRL\results\rl_final\cmappo_kl\seed_2024\best_model.pt,0.0,,206815.0,49644.0,49644.0,0.240040616009477,0.759959383990523,8.173747065298306,824.0,6.0,2.0,0.9927710843373494,0.9975786924939468,0.9951690821256038,1.7924700668636293,True,True,True,True,826.0,single_run,revision_eval,none,Direct VAL tau sweep on frozen actor; no interpolation,2024,,direct_measured,0.4
matched_budget_tau_sweep,val,final,cmappo_kl,tau=0.40,3407,C:\Users\test\Desktop\CAMPUS-SenseRL\results\rl_final\cmappo_kl\seed_3407\best_model.pt,0.0,,206815.0,50909.0,50909.0,0.2461571936271547,0.7538428063728453,8.000949289956768,825.0,4.0,1.0,0.9951749095295536,0.9987893462469734,0.996978851963746,1.7495451718239776,True,True,True,True,826.0,single_run,revision_eval,none,Direct VAL tau sweep on frozen actor; no interpolation,3407,,direct_measured,0.4
matched_budget_tau_sweep,val,final,cmappo_kl,tau=0.40,9999,C:\Users\test\Desktop\CAMPUS-SenseRL\results\rl_final\cmappo_kl\seed_9999\best_model.pt,0.0,,206815.0,51161.0,51161.0,0.2473756739114667,0.7526243260885332,7.994468500648875,824.0,4.0,2.0,0.9951690821256038,0.9975786924939468,0.996372430471584,1.7264227958326854,True,True,True,True,826.0,single_run,revision_eval,none,Direct VAL tau sweep on frozen actor; no interpolation,9999,,direct_measured,0.4
matched_budget_tau_sweep,val,final,cmappo_kl,tau=0.45,42,C:\Users\test\Desktop\CAMPUS-SenseRL\results\rl_final\cmappo_kl\seed_42\best_model.pt,0.0,,206815.0,46799.0,46799.0,0.2262843604187317,0.7737156395812683,8.678807119288072,821.0,11.0,5.0,0.986778846153846,0.9939467312348668,0.9903498190591074,1.871991136681698,True,True,True,True,826.0,single_run,revision_eval,none,Direct VAL tau sweep on frozen actor; no interpolation,42,,direct_measured,0.45
matched_budget_tau_sweep,val,final,cmappo_kl,tau=0.45,123,C:\Users\test\Desktop\CAMPUS-SenseRL\results\rl_final\cmappo_kl\seed_123\best_model.pt,0.0,,206815.0,49603.0,49603.0,0.2398423712013151,0.7601576287986849,8.204233773503296,824.0,4.0,2.0,0.9951690821256038,0.9975786924939468,0.996372430471584,1.7825299331363706,True,True,True,True,826.0,single_run,revision_eval,none,Direct VAL tau sweep on frozen actor; no interpolation,123,,direct_measured,0.45
matched_budget_tau_sweep,val,final,cmappo_kl,tau=0.45,2024,C:\Users\test\Desktop\CAMPUS-SenseRL\results\rl_final\cmappo_kl\seed_2024\best_model.pt,0.0,,206815.0,46962.0,46962.0,0.2270725044121558,0.7729274955878442,8.483218957417128,822.0,10.0,4.0,0.9879807692307692,0.9951573849878934,0.991556091676719,1.9022547037785729,True,True,True,True,826.0,single_run,revision_eval,none,Direct VAL tau sweep on frozen actor; no interpolation,2024,,direct_measured,0.45
matched_budget_tau_sweep,val,final,cmappo_kl,tau=0.45,3407,C:\Users\test\Desktop\CAMPUS-SenseRL\results\rl_final\cmappo_kl\seed_3407\best_model.pt,0.0,,206815.0,48533.0,48533.0,0.2346686652322123,0.7653313347677877,8.375784991344561,824.0,6.0,2.0,0.9927710843373494,0.9975786924939468,0.9951690821256038,1.8202962214274607,True,True,True,True,826.0,single_run,revision_eval,none,Direct VAL tau sweep on frozen actor; no interpolation,3407,,direct_measured,0.45
matched_budget_tau_sweep,val,final,cmappo_kl,tau=0.45,9999,C:\Users\test\Desktop\CAMPUS-SenseRL\results\rl_final\cmappo_kl\seed_9999\best_model.pt,0.0,,206815.0,48676.0,48676.0,0.2353601044411672,0.7646398955588327,8.344544988902168,823.0,6.0,3.0,0.9927623642943304,0.99636803874092,0.9945619335347432,1.8056017726636604,True,True,True,True,826.0,single_run,revision_eval,none,Direct VAL tau sweep on frozen actor; no interpolation,9999,,direct_measured,0.45
matched_budget_tau_sweep,val,final,cmappo_kl,tau=0.55,42,C:\Users\test\Desktop\CAMPUS-SenseRL\results\rl_final\cmappo_kl\seed_42\best_model.pt,0.0,,206815.0,41523.0,41523.0,0.2007736382757537,0.7992263617242463,9.166202841032838,820.0,25.0,6.0,0.970414201183432,0.9927360774818402,0.981448234590066,2.1618566319390453,False,True,True,False,826.0,single_run,revision_eval,none,Direct VAL tau sweep on frozen actor; no interpolation,42,,direct_measured,0.55
matched_budget_tau_sweep,val,final,cmappo_kl,tau=0.55,123,C:\Users\test\Desktop\CAMPUS-SenseRL\results\rl_final\cmappo_kl\seed_123\best_model.pt,0.0,,206815.0,45248.0,45248.0,0.2187849043831443,0.7812150956168556,8.816763324193678,821.0,15.0,5.0,0.9820574162679426,0.9939467312348668,0.9879663056558364,1.9505248017415644,True,True,True,True,826.0,single_run,revision_eval,none,Direct VAL tau sweep on frozen actor; no interpolation,123,,direct_measured,0.55
matched_budget_tau_sweep,val,final,cmappo_kl,tau=0.55,2024,C:\Users\test\Desktop\CAMPUS-SenseRL\results\rl_final\cmappo_kl\seed_2024\best_model.pt,0.0,,206815.0,42311.0,42311.0,0.2045838067838406,0.7954161932161594,9.013622769051208,820.0,18.0,6.0,0.9785202863961814,0.9927360774818402,0.985576923076923,2.1368605193593533,False,True,True,False,826.0,single_run,revision_eval,none,Direct VAL tau sweep on frozen actor; no interpolation,2024,,direct_measured,0.55
matched_budget_tau_sweep,val,final,cmappo_kl,tau=0.55,3407,C:\Users\test\Desktop\CAMPUS-SenseRL\results\rl_final\cmappo_kl\seed_3407\best_model.pt,0.0,,206815.0,43878.0,43878.0,0.2121606266470033,0.7878393733529967,8.935054653025402,820.0,14.0,6.0,0.9832134292565948,0.9927360774818402,0.9879518072289156,2.038749805628985,True,True,True,True,826.0,single_run,revision_eval,none,Direct VAL tau sweep on frozen actor; no interpolation,3407,,direct_measured,0.55
matched_budget_tau_sweep,val,final,cmappo_kl,tau=0.55,9999,C:\Users\test\Desktop\CAMPUS-SenseRL\results\rl_final\cmappo_kl\seed_9999\best_model.pt,0.0,,206815.0,44749.0,44749.0,0.2163721200106375,0.7836278799893625,8.947891599718632,820.0,20.0,6.0,0.9761904761904762,0.9927360774818402,0.9843937575030012,1.964441766443788,True,True,True,True,826.0,single_run,revision_eval,none,Direct VAL tau sweep on frozen actor; no interpolation,9999,,direct_measured,0.55
matched_budget_tau_sweep,val,final,cmappo_kl,tau=0.60,42,C:\Users\test\Desktop\CAMPUS-SenseRL\results\rl_final\cmappo_kl\seed_42\best_model.pt,0.0,,206815.0,39738.0,39738.0,0.1921427362618765,0.8078572637381234,9.414401742908955,820.0,31.0,6.0,0.963572267920094,0.9927360774818402,0.9779367918902804,2.265771264189084,False,True,True,False,826.0,single_run,revision_eval,none,Direct VAL tau sweep on frozen actor; no interpolation,42,,direct_measured,0.6
matched_budget_tau_sweep,val,final,cmappo_kl,tau=0.60,123,C:\Users\test\Desktop\CAMPUS-SenseRL\results\rl_final\cmappo_kl\seed_123\best_model.pt,0.0,,206815.0,42667.0,42667.0,0.2063051519473926,0.7936948480526074,9.019263104028072,820.0,16.0,6.0,0.9808612440191388,0.9927360774818402,0.98676293622142,2.0961086922718084,False,True,True,False,826.0,single_run,revision_eval,none,Direct VAL tau sweep on frozen actor; no interpolation,123,,direct_measured,0.6
matched_budget_tau_sweep,val,final,cmappo_kl,tau=0.60,2024,C:\Users\test\Desktop\CAMPUS-SenseRL\results\rl_final\cmappo_kl\seed_2024\best_model.pt,0.0,,206815.0,40200.0,40200.0,0.1943766167831153,0.8056233832168846,9.257083695945743,820.0,21.0,6.0,0.9750297265160524,0.9927360774818402,0.9838032393521297,2.2626768776240085,False,True,True,False,826.0,single_run,revision_eval,none,Direct VAL tau sweep on frozen actor; no interpolation,2024,,direct_measured,0.6
matched_budget_tau_sweep,val,final,cmappo_kl,tau=0.60,3407,C:\Users\test\Desktop\CAMPUS-SenseRL\results\rl_final\cmappo_kl\seed_3407\best_model.pt,0.0,,206815.0,41494.0,41494.0,0.2006334163382733,0.7993665836617266,9.154221181822033,820.0,21.0,6.0,0.9750297265160524,0.9927360774818402,0.9838032393521297,2.175672523713264,False,True,True,False,826.0,single_run,revision_eval,none,Direct VAL tau sweep on frozen actor; no interpolation,3407,,direct_measured,0.6
matched_budget_tau_sweep,val,final,cmappo_kl,tau=0.60,9999,C:\Users\test\Desktop\CAMPUS-SenseRL\results\rl_final\cmappo_kl\seed_9999\best_model.pt,0.0,,206815.0,42032.0,42032.0,0.2032347750404951,0.7967652249595049,9.158220204754132,821.0,24.0,5.0,0.9715976331360948,0.9939467312348668,0.9826451226810292,2.1234450318768467,False,True,True,False,826.0,single_run,revision_eval,none,Direct VAL tau sweep on frozen actor; no interpolation,9999,,direct_measured,0.6
matched_budget_tau_sweep,val,final,cmappo_kl,tau=0.65,42,C:\Users\test\Desktop\CAMPUS-SenseRL\results\rl_final\cmappo_kl\seed_42\best_model.pt,0.0,,206815.0,37870.0,37870.0,0.1831105093924522,0.8168894906075478,9.57252952144189,818.0,30.0,8.0,0.964622641509434,0.9903147699757868,0.977299880525687,2.3935429948686053,False,True,True,False,826.0,single_run,revision_eval,none,Direct VAL tau sweep on frozen actor; no interpolation,42,,direct_measured,0.65
matched_budget_tau_sweep,val,final,cmappo_kl,tau=0.65,123,C:\Users\test\Desktop\CAMPUS-SenseRL\results\rl_final\cmappo_kl\seed_123\best_model.pt,0.0,,206815.0,40494.0,40494.0,0.1957981771148127,0.8042018228851873,9.24312023135984,821.0,23.0,5.0,0.9727488151658767,0.9939467312348668,0.9832335329341316,2.2193593531332607,False,True,True,False,826.0,single_run,revision_eval,none,Direct VAL tau sweep on frozen actor; no interpolation,123,,direct_measured,0.65
matched_budget_tau_sweep,val,final,cmappo_kl,tau=0.65,2024,C:\Users\test\Desktop\CAMPUS-SenseRL\results\rl_final\cmappo_kl\seed_2024\best_model.pt,0.0,,206815.0,38123.0,38123.0,0.1843338249159877,0.8156661750840123,9.446600905792806,819.0,25.0,7.0,0.9703791469194312,0.9915254237288136,0.9808383233532936,2.403487016016172,False,True,True,False,826.0,single_run,revision_eval,none,Direct VAL tau sweep on frozen actor; no interpolation,2024,,direct_measured,0.65
matched_budget_tau_sweep,val,final,cmappo_kl,tau=0.65,3407,C:\Users\test\Desktop\CAMPUS-SenseRL\results\rl_final\cmappo_kl\seed_3407\best_model.pt,0.0,,206815.0,39666.0,39666.0,0.1917945990377874,0.8082054009622126,9.410759262693764,821.0,26.0,5.0,0.9693034238488784,0.9939467312348668,0.9814704124327556,2.280489037474732,False,True,True,False,826.0,single_run,revision_eval,none,Direct VAL tau sweep on frozen actor; no interpolation,3407,,direct_measured,0.65
matched_budget_tau_sweep,val,final,cmappo_kl,tau=0.65,9999,C:\Users\test\Desktop\CAMPUS-SenseRL\results\rl_final\cmappo_kl\seed_9999\best_model.pt,0.0,,206815.0,40011.0,40011.0,0.1934627565698813,0.8065372434301187,9.386357641303563,820.0,32.0,6.0,0.9624413145539906,0.9927360774818402,0.9773539928486292,2.2436673923184576,False,True,True,False,826.0,single_run,revision_eval,none,Direct VAL tau sweep on frozen actor; no interpolation,9999,,direct_measured,0.65
matched_budget_tau_sweep,val,final,cmappo_kl,tau=0.70,42,C:\Users\test\Desktop\CAMPUS-SenseRL\results\rl_final\cmappo_kl\seed_42\best_model.pt,0.0,,206815.0,35474.0,35474.0,0.1715252762130406,0.8284747237869594,9.79590991064602,820.0,45.0,6.0,0.9479768786127168,0.9927360774818402,0.9698403311649912,2.5885554346135904,False,True,True,False,826.0,single_run,revision_eval,none,Direct VAL tau sweep on frozen actor; no interpolation,42,,direct_measured,0.7
matched_budget_tau_sweep,val,final,cmappo_kl,tau=0.70,123,C:\Users\test\Desktop\CAMPUS-SenseRL\results\rl_final\cmappo_kl\seed_123\best_model.pt,0.0,,206815.0,38648.0,38648.0,0.1868723255083045,0.8131276744916955,9.506740323606891,819.0,30.0,7.0,0.9646643109540636,0.9915254237288136,0.977910447761194,2.3360674856165446,False,True,True,False,826.0,single_run,revision_eval,none,Direct VAL tau sweep on frozen actor; no interpolation,123,,direct_measured,0.7
matched_budget_tau_sweep,val,final,cmappo_kl,tau=0.70,2024,C:\Users\test\Desktop\CAMPUS-SenseRL\results\rl_final\cmappo_kl\seed_2024\best_model.pt,0.0,,206815.0,35916.0,35916.0,0.1736624519498102,0.8263375480501898,9.67539891982984,820.0,34.0,6.0,0.9601873536299764,0.9927360774818402,0.9761904761904764,2.583556212097652,False,True,True,False,826.0,single_run,revision_eval,none,Direct VAL tau sweep on frozen actor; no interpolation,2024,,direct_measured,0.7
matched_budget_tau_sweep,val,final,cmappo_kl,tau=0.70,3407,C:\Users\test\Desktop\CAMPUS-SenseRL\results\rl_final\cmappo_kl\seed_3407\best_model.pt,0.0,,206815.0,37666.0,37666.0,0.1821241205908662,0.8178758794091338,9.600458767122475,819.0,34.0,7.0,0.9601406799531068,0.9915254237288136,0.9755807027992852,2.420898771575182,False,True,True,False,826.0,single_run,revision_eval,none,Direct VAL tau sweep on frozen actor; no interpolation,3407,,direct_measured,0.7
matched_budget_tau_sweep,val,final,cmappo_kl,tau=0.70,9999,C:\Users\test\Desktop\CAMPUS-SenseRL\results\rl_final\cmappo_kl\seed_9999\best_model.pt,0.0,,206815.0,38404.0,38404.0,0.1856925271377801,0.8143074728622198,9.629608517258374,818.0,34.0,8.0,0.960093896713615,0.9903147699757868,0.9749702026221692,2.3386098584979007,False,True,True,False,826.0,single_run,revision_eval,none,Direct VAL tau sweep on frozen actor; no interpolation,9999,,direct_measured,0.7
