method,seed,condition,level,steps,n_sensors,n_locally_available,n_tx,transmit_rate,transmission_reduction_pct,mae_skipped,n_skipped_eval,n_true_events,n_server_events,event_recall,event_precision,event_f1,tp,fn,fp,n_high_co2_events,recall_high_co2,n_rapid_rise_events,recall_rapid_rise,mean_aoi,mean_aoi_state,mean_aoi_raw,p90_aoi,p95_aoi,max_aoi,shield_overrides,mean_reward_per_step,packet_delivery_ratio,tx_requested,tx_delivered,graph,reconstructor,adjacency_is_identity
semantic_expert,42,packet_loss,0.0,6431,40,206815,53994,0.2610739066315306,73.89260933684693,7.218922792024657,152821,826,835,0.9987893462469734,0.9880239520958084,0.9933774834437086,825,1,10,751,1.0,78,0.9871794871794872,1.748631628051625,1.748631628051625,1.748631628051625,4.0,4.0,8.0,0,-0.4933284172475157,1.0,53994,53994,hybrid,locf,False
campus_senserl_bc,42,packet_loss,0.0,6431,40,206815,41742,0.2018325556656915,79.81674443343084,9.166883742344297,165073,826,843,0.9915254237288136,0.9715302491103204,0.981426003594967,819,7,24,751,0.996005326231691,78,0.9487179487179488,2.1386642823822117,2.1386642823822117,2.1386642823822117,4.0,5.0,8.0,0,-0.4375244189985134,1.0,41742,41742,hybrid,locf,False
cmappo_kl,42,packet_loss,0.0,6431,40,206815,44108,0.2132727316683993,78.67272683316007,8.87014695126823,162707,826,839,0.9927360774818402,0.9773539928486292,0.984984984984985,820,6,19,751,0.9973368841544608,78,0.9487179487179488,2.0254509407557144,2.0254509407557144,2.0254509407557144,4.0,4.0,8.0,0,-0.4418159007440997,1.0,44108,44108,hybrid,locf,False
campus_senserl_bc,123,packet_loss,0.0,6431,40,206815,41481,0.2005705582283683,79.94294417716317,9.150428828916011,165334,826,840,0.9927360774818402,0.9761904761904762,0.9843937575030012,820,6,20,751,0.996005326231691,78,0.9615384615384616,2.157036230757269,2.157036230757269,2.157036230757269,4.0,5.0,8.0,0,-0.4375142090023616,1.0,41481,41481,hybrid,locf,False
cmappo_kl,123,packet_loss,0.0,6431,40,206815,47406,0.2292193506273722,77.07806493726277,8.453688311199492,159409,826,831,0.9975786924939468,0.9915764139590856,0.9945684972842488,824,2,7,751,0.9986684420772304,78,0.9871794871794872,1.870556678588089,1.870556678588089,1.870556678588089,4.0,4.0,8.0,0,-0.4658557280506322,1.0,47406,47406,hybrid,locf,False
campus_senserl_bc,2024,packet_loss,0.0,6431,40,206815,41018,0.1983318424679061,80.16681575320939,9.223996815382666,165797,826,839,0.9927360774818402,0.9773539928486292,0.984984984984985,820,6,19,751,0.996005326231691,78,0.9615384615384616,2.189317368993936,2.189317368993936,2.189317368993936,4.0,5.0,8.0,0,-0.4377439428647869,1.0,41018,41018,hybrid,locf,False
cmappo_kl,2024,packet_loss,0.0,6431,40,206815,44386,0.2146169281725213,78.53830718274787,8.749884564948378,162429,826,833,0.9939467312348668,0.985594237695078,0.9897528631705848,821,5,12,751,0.9973368841544608,78,0.9615384615384616,2.0371598507230604,2.0371598507230604,2.0371598507230604,4.0,5.0,8.0,0,-0.4512590640057247,1.0,44386,44386,hybrid,locf,False
campus_senserl_bc,3407,packet_loss,0.0,6431,40,206815,41250,0.1994536179677489,80.05463820322511,9.210672545525926,165565,826,841,0.9939467312348668,0.976218787158145,0.98500299940012,821,5,20,751,0.9973368841544608,78,0.9615384615384616,2.1743857875913544,2.1743857875913544,2.1743857875913544,4.0,5.0,8.0,0,-0.4377390707985926,1.0,41250,41250,hybrid,locf,False
cmappo_kl,3407,packet_loss,0.0,6431,40,206815,47186,0.2281555979982109,77.18444020017891,8.564815916907328,159629,826,831,0.99636803874092,0.9903730445246692,0.9933614966807484,823,3,8,751,0.9986684420772304,78,0.9743589743589745,1.8753459804074015,1.8753459804074015,1.8753459804074015,4.0,4.0,8.0,0,-0.4650829583670465,1.0,47186,47186,hybrid,locf,False
campus_senserl_bc,9999,packet_loss,0.0,6431,40,206815,41439,0.200367478180983,79.9632521819017,9.210363051470589,165376,826,840,0.9927360774818402,0.9761904761904762,0.9843937575030012,820,6,20,751,0.996005326231691,78,0.9615384615384616,2.1599751205100297,2.1599751205100297,2.1599751205100297,4.0,5.0,8.0,0,-0.4378991792865254,1.0,41439,41439,hybrid,locf,False
cmappo_kl,9999,packet_loss,0.0,6431,40,206815,46974,0.2271305272828373,77.28694727171627,8.642056793938977,159841,826,831,0.9939467312348668,0.9879663056558364,0.9909474954737476,821,5,10,751,0.9973368841544608,78,0.9615384615384616,1.8665565230912768,1.8665565230912768,1.8665565230912768,4.0,4.0,8.0,0,-0.46834103978196,1.0,46974,46974,hybrid,locf,False
semantic_expert,42,packet_loss,0.1,6431,40,206815,57500,0.2780262553489834,72.19737446510166,7.605495539627701,155144,826,839,0.9915254237288136,0.9761620977353992,0.9837837837837838,819,7,20,751,0.996005326231691,78,0.935897435897436,1.8319818068729592,1.8319234955683408,1.8319818068729592,4.0,4.0,9.0,0,-0.4947276097617804,0.8986260869565217,57500,51671,hybrid,locf,False
campus_senserl_bc,42,packet_loss,0.1,6431,40,206815,45204,0.2185721538573121,78.14278461426879,9.390551020039826,166219,826,849,0.9842615012106536,0.9575971731448764,0.9707462686567164,813,13,36,751,0.996005326231691,78,0.8717948717948718,2.2121520758824444,2.2120315658529,2.2121520758824444,4.0,5.0,10.0,0,-0.4468614543444097,0.8980621183966021,45204,40596,hybrid,locf,False
cmappo_kl,42,packet_loss,0.1,6431,40,206815,47650,0.2303991489978966,76.96008510021034,9.10565814581568,164029,826,836,0.9794188861985472,0.9677033492822966,0.97352587244284,809,17,27,751,0.9946737683089214,78,0.8333333333333334,2.1008319079458877,2.100773596641269,2.1008319079458877,4.0,5.0,9.0,0,-0.4529392725364853,0.897922350472193,47650,42786,hybrid,locf,False
campus_senserl_bc,123,packet_loss,0.1,6431,40,206815,44962,0.2174020259652346,78.25979740347654,9.408215622540393,166439,826,850,0.9854721549636803,0.9576470588235294,0.9713603818615753,814,12,36,751,0.9933422103861518,78,0.9102564102564102,2.225571450785259,2.2254626030166382,2.225571450785259,4.0,5.0,10.0,0,-0.4463037258600115,0.8980027578844357,44962,40376,hybrid,locf,False
cmappo_kl,123,packet_loss,0.1,6431,40,206815,51120,0.2471774291033049,75.28225708966951,8.70563120311733,160907,826,840,0.986682808716707,0.9702380952380952,0.978391356542617,815,11,25,751,0.996005326231691,78,0.8974358974358975,1.9420346757891465,1.9419569273829889,1.9420346757891465,4.0,4.0,9.0,0,-0.471025608208124,0.8980438184663537,51120,45908,hybrid,locf,False
campus_senserl_bc,2024,packet_loss,0.1,6431,40,206815,44451,0.2149312187220462,78.50687812779537,9.462619314402811,166891,826,842,0.9782082324455206,0.9596199524940616,0.9688249400479616,808,18,34,751,0.9920106524633822,78,0.8333333333333334,2.258703934069352,2.2586261856631937,2.258703934069352,5.0,5.0,10.0,0,-0.4457989763024318,0.8981575217655395,44451,39924,hybrid,locf,False
cmappo_kl,2024,packet_loss,0.1,6431,40,206815,47923,0.2317191693059014,76.82808306940986,8.990860024666333,163786,826,839,0.9794188861985472,0.964243146603099,0.971771771771772,809,17,30,751,0.9933422103861518,78,0.8461538461538461,2.1153591976364483,2.1152969989115222,2.1153591976364483,4.0,5.0,9.0,0,-0.4577318059542359,0.8978778457108277,47923,43029,hybrid,locf,False
campus_senserl_bc,3407,packet_loss,0.1,6431,40,206815,44703,0.2161496990063583,78.38503009936417,9.436736506107952,166668,826,841,0.9830508474576272,0.9655172413793104,0.9742051589682064,812,14,29,751,0.9946737683089214,78,0.8717948717948718,2.243266988026745,2.2431698025190485,2.243266988026745,5.0,5.0,10.0,0,-0.4462133754838867,0.8980829027134645,44703,40147,hybrid,locf,False
cmappo_kl,3407,packet_loss,0.1,6431,40,206815,50933,0.2462732393685177,75.37267606314822,8.838615945313325,161063,826,836,0.9830508474576272,0.971291866028708,0.977135980746089,812,14,24,751,0.996005326231691,78,0.8589743589743589,1.9470027989426215,1.9469444876380035,1.9470027989426215,4.0,4.0,9.0,0,-0.4701589248902642,0.8982781300924745,50933,45752,hybrid,locf,False
campus_senserl_bc,9999,packet_loss,0.1,6431,40,206815,44901,0.2171070763726035,78.28929236273964,9.416025995243016,166492,826,843,0.9757869249394672,0.9561091340450772,0.9658478130617136,806,20,37,751,0.9880159786950732,78,0.8461538461538461,2.2296532421085367,2.229552169180532,2.2296532421085367,4.0,5.0,10.0,0,-0.4471624175617245,0.898042359858355,44901,40323,hybrid,locf,False
cmappo_kl,9999,packet_loss,0.1,6431,40,206815,50717,0.2452288276962502,75.47711723037497,8.919859849306999,161255,826,828,0.980629539951574,0.9782608695652174,0.9794437726723096,810,16,18,751,0.9946737683089214,78,0.8461538461538461,1.9391191105582333,1.939049136992692,1.9391191105582333,4.0,4.0,9.0,0,-0.4715620793714651,0.8983181181852239,50717,45560,hybrid,locf,False
semantic_expert,42,packet_loss,0.2,6431,40,206815,61743,0.2985421753741266,70.14578246258733,8.058779445294787,157453,826,835,0.9697336561743342,0.9592814371257484,0.9644792293798916,801,25,34,751,0.9920106524633822,78,0.7435897435897436,1.9255870004664903,1.92540429171202,1.9255870004664903,4.0,4.0,11.0,0,-0.5049574470178149,0.7994752441572324,61743,49362,hybrid,locf,False
campus_senserl_bc,42,packet_loss,0.2,6431,40,206815,49218,0.2379808041002828,76.20191958997171,9.702902358913107,167450,826,844,0.9612590799031476,0.9407582938388626,0.9508982035928144,794,32,50,751,0.9920106524633822,78,0.6538461538461539,2.2972632561032498,2.296998911522314,2.2972632561032498,5.0,5.0,10.0,0,-0.4591612750431135,0.7998090129627372,49218,39365,hybrid,locf,False
cmappo_kl,42,packet_loss,0.2,6431,40,206815,51825,0.2505862727558446,74.94137272441554,9.434566244006264,165381,826,847,0.976997578692494,0.9527744982290436,0.9647340107591154,807,19,40,751,0.9973368841544608,78,0.782051282051282,2.183622298242886,2.1833346291401026,2.183622298242886,4.0,5.0,11.0,0,-0.466769730544339,0.7994983116256633,51825,41434,hybrid,locf,False
campus_senserl_bc,123,packet_loss,0.2,6431,40,206815,48973,0.236796170490535,76.3203829509465,9.650408007444346,167644,826,852,0.973365617433414,0.943661971830986,0.9582836710369488,804,22,48,751,0.9946737683089214,78,0.7692307692307693,2.3207044005597885,2.3203078836883844,2.3207044005597885,5.0,5.0,12.0,0,-0.4581866598953513,0.7998488963306312,48973,39171,hybrid,locf,False
cmappo_kl,123,packet_loss,0.2,6431,40,206815,55407,0.2679060996542804,73.20939003457197,8.99643022003385,162475,826,841,0.976997578692494,0.9595719381688466,0.9682063587282544,807,19,34,751,0.9920106524633822,78,0.8205128205128205,2.033859430881667,2.0337117089099674,2.033859430881667,4.0,5.0,10.0,0,-0.4813256457652653,0.8002598949591206,55407,44340,hybrid,locf,False
campus_senserl_bc,2024,packet_loss,0.2,6431,40,206815,48405,0.2340497546116094,76.59502453883906,9.66441990790867,168094,826,851,0.973365617433414,0.944770857814336,0.9588550983899822,804,22,47,751,0.9920106524633822,78,0.7948717948717948,2.3460426061265744,2.345723837661328,2.3460426061265744,5.0,5.0,10.0,0,-0.4566745136077975,0.7999380229315154,48405,38721,hybrid,locf,False
cmappo_kl,2024,packet_loss,0.2,6431,40,206815,52000,0.2514324396199502,74.85675603800497,9.250975906458232,165231,826,841,0.9721549636803876,0.9548156956004756,0.9634073185362928,803,23,38,751,0.9880159786950732,78,0.8205128205128205,2.198857098429482,2.198666614834396,2.198857098429482,4.0,5.0,10.0,0,-0.4701607121465299,0.7996923076923077,52000,41584,hybrid,locf,False
campus_senserl_bc,3407,packet_loss,0.2,6431,40,206815,48661,0.2352875758528153,76.47124241471846,9.676318172071191,167884,826,852,0.9745762711864406,0.9448356807511736,0.9594755661501788,805,21,47,751,0.9893475366178428,78,0.8205128205128205,2.332576582180065,2.332230601772664,2.332576582180065,5.0,5.0,11.0,0,-0.4571250361780651,0.8000452107437167,48661,38931,hybrid,locf,False
cmappo_kl,3407,packet_loss,0.2,6431,40,206815,55187,0.266842347025119,73.31576529748808,9.136809359572595,162657,826,834,0.9697336561743342,0.960431654676259,0.9650602409638556,801,25,33,751,0.9906790945406124,78,0.7564102564102564,2.0352744518737365,2.035025656974032,2.0352744518737365,4.0,4.0,10.0,0,-0.4807048199402364,0.8001522097595448,55187,44158,hybrid,locf,False
campus_senserl_bc,9999,packet_loss,0.2,6431,40,206815,48890,0.2363948456349878,76.36051543650122,9.724770587498734,167711,826,861,0.9794188861985472,0.9396051103368176,0.959098992294013,809,17,52,751,0.9973368841544608,78,0.7948717948717948,2.3164554501632715,2.316121132016794,2.3164554501632715,5.0,5.0,11.0,0,-0.4584297296971887,0.7998363673552874,48890,39104,hybrid,locf,False
cmappo_kl,9999,packet_loss,0.2,6431,40,206815,54928,0.2655900200662427,73.44099799337572,9.206953713538438,162877,826,849,0.973365617433414,0.9469964664310954,0.96,804,22,45,751,0.9906790945406124,78,0.7948717948717948,2.029653242108537,2.0294510962525267,2.029653242108537,4.0,4.0,10.0,0,-0.4813313091326023,0.79991989513545,54928,43938,hybrid,locf,False
semantic_expert,42,packet_loss,0.4,6431,40,206815,72792,0.3519667335541426,64.80332664458575,9.045803728110542,162978,826,830,0.9443099273607748,0.9397590361445785,0.9420289855072465,780,46,50,751,0.985352862849534,78,0.5384615384615384,2.2209182086767223,2.216206655263567,2.2209182086767223,5.0,5.0,15.0,0,-0.543437587073899,0.6022227717331575,72792,43837,hybrid,locf,False
campus_senserl_bc,42,packet_loss,0.4,6431,40,206815,60051,0.2903609506080313,70.96390493919687,10.324394975763862,170613,826,858,0.9443099273607748,0.9090909090909092,0.9263657957244656,780,46,78,751,0.985352862849534,78,0.5512820512820513,2.572306017726637,2.5641851967034675,2.572306017726637,5.0,6.0,15.0,0,-0.4984830977201505,0.6028542405621888,60051,36202,hybrid,locf,False
cmappo_kl,42,packet_loss,0.4,6431,40,206815,62904,0.3041558881125644,69.58441118874357,10.15503628206494,168954,826,851,0.940677966101695,0.9130434782608696,0.9266547406082288,777,49,74,751,0.9747003994673769,78,0.5897435897435898,2.460589332918675,2.454684341471,2.460589332918675,5.0,6.0,15.0,0,-0.5080563434720259,0.6018854126923566,62904,37861,hybrid,locf,False
campus_senserl_bc,123,packet_loss,0.4,6431,40,206815,59690,0.2886154292483621,71.1384570751638,10.273472804326955,170836,826,851,0.9455205811138014,0.917743830787309,0.9314251639833034,781,45,70,751,0.9733688415446072,78,0.6666666666666666,2.5915953972943555,2.584329808738921,2.5915953972943555,5.0,6.0,14.0,0,-0.4976313727529076,0.6027642821243089,59690,35979,hybrid,locf,False
cmappo_kl,123,packet_loss,0.4,6431,40,206815,66912,0.3235355269201944,67.64644730798057,9.815483375068307,166527,826,838,0.9394673123486684,0.9260143198090692,0.9326923076923076,776,50,62,751,0.9760319573901464,78,0.5769230769230769,2.3181037163738143,2.3123736588399937,2.3181037163738143,5.0,5.0,15.0,0,-0.5214421153929066,0.602104256336681,66912,40288,hybrid,locf,False
campus_senserl_bc,2024,packet_loss,0.4,6431,40,206815,59136,0.2859367067185649,71.4063293281435,10.39148264984227,171180,826,854,0.9443099273607748,0.9133489461358314,0.9285714285714286,780,46,74,751,0.9760319573901464,78,0.6410256410256411,2.6137925672523714,2.6053957393873426,2.6137925672523714,5.0,6.0,15.0,0,-0.4964578797518366,0.6025940205627706,59136,35635,hybrid,locf,False
cmappo_kl,2024,packet_loss,0.4,6431,40,206815,63051,0.3048666682784131,69.51333317215868,10.017925667993175,168864,826,850,0.9382566585956416,0.9117647058823528,0.9248210023866348,775,51,75,751,0.9813581890812252,78,0.5128205128205128,2.474860052868916,2.4682941999689008,2.474860052868916,5.0,6.0,15.0,0,-0.5093484985479968,0.6019095652725571,63051,37951,hybrid,locf,False
campus_senserl_bc,3407,packet_loss,0.4,6431,40,206815,59469,0.2875468413799772,71.24531586200227,10.359265151426532,170974,826,856,0.9322033898305084,0.8995327102803738,0.915576694411415,770,56,86,751,0.9693741677762984,78,0.5641025641025641,2.6027911677810605,2.595055201368372,2.6027911677810605,5.0,6.0,15.0,0,-0.497458447981629,0.6026837511981032,59469,35841,hybrid,locf,False
cmappo_kl,3407,packet_loss,0.4,6431,40,206815,66554,0.3218045112781955,67.81954887218045,9.87635011544574,166745,826,825,0.9358353510895884,0.936969696969697,0.9364021804966688,773,53,52,751,0.9760319573901464,78,0.5512820512820513,2.317116311615612,2.312167625563676,2.317116311615612,5.0,5.0,16.0,0,-0.5211066122637835,0.6020674940649698,66554,40070,hybrid,locf,False
campus_senserl_bc,9999,packet_loss,0.4,6431,40,206815,59710,0.2887121340328312,71.12878659671688,10.30972814124479,170824,826,847,0.9285714285714286,0.9055489964580874,0.9169157202630006,767,59,80,751,0.9693741677762984,78,0.5128205128205128,2.5892201834862387,2.5817641113357177,2.5892201834862387,5.0,6.0,15.0,0,-0.4977917638830599,0.6027633562217384,59710,35991,hybrid,locf,False
cmappo_kl,9999,packet_loss,0.4,6431,40,206815,66447,0.3212871406812852,67.87128593187148,9.931819408058416,166807,826,843,0.950363196125908,0.9311981020166074,0.9406830437387658,785,41,58,751,0.9840213049267644,78,0.6282051282051282,2.313434924584046,2.3081985694293268,2.313434924584046,5.0,5.0,15.0,0,-0.5203185597133627,0.6021039324574473,66447,40008,hybrid,locf,False
semantic_expert,42,sensor_outage,0.1,6431,40,185702,48661,0.2620381040591916,73.79618959408084,7.270021380462781,137041,826,835,0.9987893462469734,0.9880239520958084,0.9933774834437086,825,1,10,751,1.0,78,0.9871794871794872,2.3703739698336186,2.3703739698336186,2.3703739698336186,8.0,8.0,8.0,0,-0.38487082757984,1.0,48661,48661,hybrid,locf,False
campus_senserl_bc,42,sensor_outage,0.1,6431,40,185702,37558,0.2022487641490129,79.77512358509871,9.262555351549844,148144,826,843,0.9915254237288136,0.9715302491103204,0.981426003594967,819,7,24,751,0.996005326231691,78,0.9487179487179488,2.723464468978386,2.723464468978386,2.723464468978386,8.0,8.0,8.0,0,-0.3542621011900281,1.0,37558,37558,hybrid,locf,False
cmappo_kl,42,sensor_outage,0.1,6431,40,185702,39630,0.2134064253481384,78.65935746518615,8.961060299030615,146072,826,837,0.9927360774818402,0.9796893667861408,0.9861695730607336,820,6,17,751,0.9973368841544608,78,0.9487179487179488,2.6252526823200126,2.6252526823200126,2.6252526823200126,8.0,8.0,8.0,0,-0.3575138423909115,1.0,39630,39630,hybrid,locf,False
campus_senserl_bc,123,sensor_outage,0.1,6431,40,185702,37323,0.200983295818031,79.90167041819689,9.256269418179125,148379,826,840,0.9927360774818402,0.9761904761904762,0.9843937575030012,820,6,20,751,0.996005326231691,78,0.9615384615384616,2.73943787902348,2.73943787902348,2.73943787902348,8.0,8.0,8.0,0,-0.3542600047971403,1.0,37323,37323,hybrid,locf,False
cmappo_kl,123,sensor_outage,0.1,6431,40,185702,42641,0.2296205748995702,77.03794251004297,8.529704112231846,143061,826,831,0.9975786924939468,0.9915764139590856,0.9945684972842488,824,2,7,751,0.9986684420772304,78,0.9871794871794872,2.482914787746852,2.482914787746852,2.482914787746852,8.0,8.0,8.0,0,-0.3631236480767469,1.0,42641,42641,hybrid,locf,False
campus_senserl_bc,2024,sensor_outage,0.1,6431,40,185702,36909,0.1987539175668544,80.12460824331455,9.332851679850531,148793,826,839,0.9927360774818402,0.9773539928486292,0.984984984984985,820,6,19,751,0.996005326231691,78,0.9615384615384616,2.76983750583113,2.76983750583113,2.76983750583113,8.0,8.0,8.0,0,-0.3539377448091592,1.0,36909,36909,hybrid,locf,False
cmappo_kl,2024,sensor_outage,0.1,6431,40,185702,39894,0.2148280578561351,78.51719421438649,8.852045155272688,145808,826,833,0.9939467312348668,0.985594237695078,0.9897528631705848,821,5,12,751,0.9973368841544608,78,0.9615384615384616,2.6338710931425906,2.6338710931425906,2.6338710931425906,8.0,8.0,8.0,0,-0.3591999166735818,1.0,39894,39894,hybrid,locf,False
campus_senserl_bc,3407,sensor_outage,0.1,6431,40,185702,37108,0.1998255269194731,80.0174473080527,9.31040284264506,148594,826,841,0.9939467312348668,0.976218787158145,0.98500299940012,821,5,20,751,0.9973368841544608,78,0.9615384615384616,2.7563364951018503,2.7563364951018503,2.7563364951018503,8.0,8.0,8.0,0,-0.3540953185371556,1.0,37108,37108,hybrid,locf,False
cmappo_kl,3407,sensor_outage,0.1,6431,40,185702,42384,0.228236637192922,77.1763362807078,8.658521609288435,143318,826,831,0.99636803874092,0.9903730445246692,0.9933614966807484,823,3,8,751,0.9986684420772304,78,0.9743589743589745,2.4885204478308194,2.4885204478308194,2.4885204478308194,8.0,8.0,8.0,0,-0.3619341125193336,1.0,42384,42384,hybrid,locf,False
campus_senserl_bc,9999,sensor_outage,0.1,6431,40,185702,37284,0.2007732819248042,79.92267180751958,9.306910213046937,148418,826,840,0.9927360774818402,0.9761904761904762,0.9843937575030012,820,6,20,751,0.996005326231691,78,0.9615384615384616,2.743154252837817,2.743154252837817,2.743154252837817,8.0,8.0,8.0,0,-0.3541057986487241,1.0,37284,37284,hybrid,locf,False
cmappo_kl,9999,sensor_outage,0.1,6431,40,185702,42212,0.2273104220740756,77.26895779259243,8.742504704160568,143490,826,831,0.9939467312348668,0.9879663056558364,0.9909474954737476,821,5,10,751,0.9973368841544608,78,0.9615384615384616,2.479944798631628,2.479944798631628,2.479944798631628,8.0,8.0,8.0,0,-0.3608918843951947,1.0,42212,42212,hybrid,locf,False
semantic_expert,42,sensor_outage,0.2,6431,40,165216,42817,0.2591577086964943,74.08422913035058,7.16188040751967,122399,767,776,1.0,0.98840206185567,0.9941672067401168,767,0,9,747,1.0,20,1.0,3.004167314570051,3.004167314570051,3.004167314570051,8.0,8.0,8.0,0,-0.3824876321681533,1.0,42817,42817,hybrid,locf,False
campus_senserl_bc,42,sensor_outage,0.2,6431,40,165216,33191,0.2008945864807282,79.91054135192718,9.007627343306192,132025,767,781,0.9947848761408083,0.9769526248399488,0.9857881136950905,763,4,18,747,0.9959839357429718,20,0.95,3.3151181775773595,3.3151181775773595,3.3151181775773595,8.0,8.0,8.0,0,-0.3527623003997841,1.0,33191,33191,hybrid,locf,False
cmappo_kl,42,sensor_outage,0.2,6431,40,165216,35054,0.2121707340693395,78.78292659306605,8.740331279482492,130162,767,777,0.9960886571056062,0.9832689832689832,0.9896373056994818,764,3,13,747,0.997322623828648,20,0.95,3.2253965168714043,3.2253965168714043,3.2253965168714043,8.0,8.0,8.0,0,-0.3559535038599908,1.0,35054,35054,hybrid,locf,False
campus_senserl_bc,123,sensor_outage,0.2,6431,40,165216,32990,0.1996779972883982,80.03220027116018,8.999198342232239,132226,767,779,0.9947848761408083,0.9794608472400512,0.9870633893919792,763,4,16,747,0.9959839357429718,20,0.95,3.3292295132949774,3.3292295132949774,3.3292295132949774,8.0,8.0,8.0,0,-0.3527386796467777,1.0,32990,32990,hybrid,locf,False
cmappo_kl,123,sensor_outage,0.2,6431,40,165216,37667,0.22798639356963,77.20136064303699,8.376929650565664,127549,767,771,0.998696219035202,0.993514915693904,0.9960988296488948,766,1,5,747,0.998661311914324,20,1.0,3.100890219250505,3.100890219250505,3.100890219250505,8.0,8.0,8.0,0,-0.3614639934962058,1.0,37667,37667,hybrid,locf,False
campus_senserl_bc,2024,sensor_outage,0.2,6431,40,165216,32607,0.1973598198721673,80.26401801278327,9.067830991863298,132609,767,779,0.9947848761408083,0.9794608472400512,0.9870633893919792,763,4,16,747,0.9959839357429718,20,0.95,3.3556289846058154,3.3556289846058154,3.3556289846058154,8.0,8.0,8.0,0,-0.3523238940279702,1.0,32607,32607,hybrid,locf,False
cmappo_kl,2024,sensor_outage,0.2,6431,40,165216,35307,0.2137020627542126,78.62979372457873,8.655658961272891,129909,767,774,0.997392438070404,0.9883720930232558,0.9928617780661908,765,2,9,747,0.997322623828648,20,1.0,3.232938112268698,3.232938112268698,3.232938112268698,8.0,8.0,8.0,0,-0.3578678961688055,1.0,35307,35307,hybrid,locf,False
campus_senserl_bc,3407,sensor_outage,0.2,6431,40,165216,32804,0.1985521983343017,80.14478016656983,9.046325106485815,132412,767,780,0.9960886571056062,0.9794871794871794,0.9877181641887524,764,3,16,747,0.997322623828648,20,0.95,3.3435546571295287,3.3435546571295287,3.3435546571295287,8.0,8.0,8.0,0,-0.3524814227924069,1.0,32804,32804,hybrid,locf,False
cmappo_kl,3407,sensor_outage,0.2,6431,40,165216,37526,0.2271329653302343,77.28670346697658,8.466168063278252,127690,767,772,0.998696219035202,0.9922279792746114,0.99545159194282,766,1,6,747,0.998661311914324,20,1.0,3.1053918519670347,3.1053918519670347,3.1053918519670347,8.0,8.0,8.0,0,-0.3605350977682762,1.0,37526,37526,hybrid,locf,False
campus_senserl_bc,9999,sensor_outage,0.2,6431,40,165216,32955,0.1994661533991865,80.05338466008135,9.049765236917912,132261,767,779,0.9947848761408083,0.9794608472400512,0.9870633893919792,763,4,16,747,0.9959839357429718,20,0.95,3.33135593220339,3.33135593220339,3.33135593220339,8.0,8.0,8.0,0,-0.3525881553829257,1.0,32955,32955,hybrid,locf,False
cmappo_kl,9999,sensor_outage,0.2,6431,40,165216,37350,0.2260676932016269,77.3932306798373,8.552492453036773,127866,767,773,0.997392438070404,0.9896507115135834,0.9935064935064934,765,2,8,747,0.997322623828648,20,1.0,3.097158295754937,3.097158295754937,3.097158295754937,8.0,8.0,8.0,0,-0.3594167969889957,1.0,37350,37350,hybrid,locf,False
semantic_expert,42,temp_block_outage,0.2,6431,40,202161,52814,0.2612472237474092,73.87527762525907,7.221403844737424,149347,826,835,0.9987893462469734,0.9880239520958084,0.9933774834437086,825,1,10,751,1.0,78,0.9871794871794872,1.7371443010418286,1.7371443010418286,1.7371443010418286,4.0,4.0,8.0,0,-0.4938353552470514,1.0,52814,52814,hybrid,locf,False
campus_senserl_bc,42,temp_block_outage,0.2,6431,40,202161,40819,0.2019133265070908,79.80866734929091,9.145975629408335,161342,826,842,0.9915254237288136,0.9726840855106887,0.9820143884892086,819,7,23,751,0.996005326231691,78,0.9487179487179488,2.1129489970455606,2.1129489970455606,2.1129489970455606,4.0,5.0,8.0,0,-0.4381029517775243,1.0,40819,40819,hybrid,locf,False
cmappo_kl,42,temp_block_outage,0.2,6431,40,202161,43141,0.2133992214126364,78.66007785873636,8.852471387246887,159020,826,839,0.9927360774818402,0.9773539928486292,0.984984984984985,820,6,19,751,0.9973368841544608,78,0.9487179487179488,2.014426216762556,2.014426216762556,2.014426216762556,4.0,4.0,8.0,0,-0.4424961083060862,1.0,43141,43141,hybrid,locf,False
campus_senserl_bc,123,temp_block_outage,0.2,6431,40,202161,40566,0.2006618487245314,79.93381512754686,9.126736594572852,161595,826,839,0.9927360774818402,0.9773539928486292,0.984984984984985,820,6,19,751,0.996005326231691,78,0.9615384615384616,2.1495062976208987,2.1495062976208987,2.1495062976208987,4.0,5.0,8.0,0,-0.4367593247857929,1.0,40566,40566,hybrid,locf,False
cmappo_kl,123,temp_block_outage,0.2,6431,40,202161,46354,0.2292924945958914,77.07075054041086,8.442277946433729,155807,826,831,0.9975786924939468,0.9915764139590856,0.9945684972842488,824,2,7,751,0.9986684420772304,78,0.9871794871794872,1.868080391851967,1.868080391851967,1.868080391851967,4.0,4.0,8.0,0,-0.4661423190234256,1.0,46354,46354,hybrid,locf,False
campus_senserl_bc,2024,temp_block_outage,0.2,6431,40,202161,40112,0.1984161138894247,80.15838861105753,9.20554276792822,162049,826,838,0.9927360774818402,0.9785202863961814,0.985576923076923,820,6,18,751,0.996005326231691,78,0.9615384615384616,2.165518581869072,2.165518581869072,2.165518581869072,4.0,5.0,8.0,0,-0.4381122979414126,1.0,40112,40112,hybrid,locf,False
cmappo_kl,2024,temp_block_outage,0.2,6431,40,202161,43417,0.2147644699027013,78.52355300972987,8.734553746913269,158744,826,833,0.9939467312348668,0.985594237695078,0.9897528631705848,821,5,12,751,0.9973368841544608,78,0.9615384615384616,2.0369849168092053,2.0369849168092053,2.0369849168092053,4.0,5.0,8.0,0,-0.4515455873764232,1.0,43417,43417,hybrid,locf,False
campus_senserl_bc,3407,temp_block_outage,0.2,6431,40,202161,40340,0.1995439278594783,80.04560721405215,9.191915758770492,161821,826,840,0.9939467312348668,0.9773809523809524,0.985594237695078,821,5,19,751,0.9973368841544608,78,0.9615384615384616,2.135939200746385,2.135939200746385,2.135939200746385,4.0,5.0,8.0,0,-0.4382048033532746,1.0,40340,40340,hybrid,locf,False
cmappo_kl,3407,temp_block_outage,0.2,6431,40,202161,46143,0.2282487720183418,77.17512279816582,8.554121960286633,156018,826,831,0.99636803874092,0.9903730445246692,0.9933614966807484,823,3,8,751,0.9986684420772304,78,0.9743589743589745,1.887556367594464,1.887556367594464,1.887556367594464,4.0,4.0,8.0,0,-0.4653935800984962,1.0,46143,46143,hybrid,locf,False
campus_senserl_bc,9999,temp_block_outage,0.2,6431,40,202161,40526,0.200463986624522,79.9536013375478,9.19055278869057,161635,826,839,0.9927360774818402,0.9773539928486292,0.984984984984985,820,6,19,751,0.996005326231691,78,0.9615384615384616,2.1442038563209453,2.1442038563209453,2.1442038563209453,4.0,5.0,8.0,0,-0.4372161281653451,1.0,40526,40526,hybrid,locf,False
cmappo_kl,9999,temp_block_outage,0.2,6431,40,202161,45939,0.2272396753082939,77.2760324691706,8.63036576154447,156222,826,831,0.9939467312348668,0.9879663056558364,0.9909474954737476,821,5,10,751,0.9973368841544608,78,0.9615384615384616,1.8642279583268544,1.8642279583268544,1.8642279583268544,4.0,4.0,8.0,0,-0.4686420900360491,1.0,45939,45939,hybrid,locf,False
semantic_expert,42,neighbour_edge_drop,0.3,6431,40,206815,53994,0.2610739066315306,73.89260933684693,7.218922792024657,152821,826,835,0.9987893462469734,0.9880239520958084,0.9933774834437086,825,1,10,751,1.0,78,0.9871794871794872,1.748631628051625,1.748631628051625,1.748631628051625,4.0,4.0,8.0,0,-0.4933284172475157,1.0,53994,53994,hybrid,locf,False
campus_senserl_bc,42,neighbour_edge_drop,0.3,6431,40,206815,41692,0.2015907937045185,79.84092062954815,9.162224523537,165123,826,844,0.9915254237288136,0.9703791469194312,0.9808383233532936,819,7,25,751,0.996005326231691,78,0.9487179487179488,2.141206655263567,2.141206655263567,2.141206655263567,4.0,5.0,8.0,0,-0.4374357113152205,1.0,41692,41692,hybrid,locf,False
cmappo_kl,42,neighbour_edge_drop,0.3,6431,40,206815,44025,0.212871406812852,78.71285931871479,8.866085140364888,162790,826,839,0.9927360774818402,0.9773539928486292,0.984984984984985,820,6,19,751,0.9973368841544608,78,0.9487179487179488,2.029587155963303,2.029587155963303,2.029587155963303,4.0,4.0,8.0,0,-0.441557224820063,1.0,44025,44025,hybrid,locf,False
campus_senserl_bc,123,neighbour_edge_drop,0.3,6431,40,206815,41431,0.2003287962671953,79.96712037328047,9.153811735113432,165384,826,840,0.9927360774818402,0.9761904761904762,0.9843937575030012,820,6,20,751,0.996005326231691,78,0.9615384615384616,2.160873114601151,2.160873114601151,2.160873114601151,4.0,5.0,8.0,0,-0.4375762565841467,1.0,41431,41431,hybrid,locf,False
cmappo_kl,123,neighbour_edge_drop,0.3,6431,40,206815,47306,0.2287358267050262,77.12641732949737,8.466055206916224,159509,826,831,0.9975786924939468,0.9915764139590856,0.9945684972842488,824,2,7,751,0.9986684420772304,78,0.9871794871794872,1.875373192349557,1.875373192349557,1.875373192349557,4.0,4.0,8.0,0,-0.4650219189481429,1.0,47306,47306,hybrid,locf,False
campus_senserl_bc,2024,neighbour_edge_drop,0.3,6431,40,206815,40990,0.1981964557696492,80.18035442303508,9.222348861751849,165825,826,839,0.9927360774818402,0.9773539928486292,0.984984984984985,820,6,19,751,0.996005326231691,78,0.9615384615384616,2.190810138392163,2.190810138392163,2.190810138392163,4.0,5.0,8.0,0,-0.437796936966454,1.0,40990,40990,hybrid,locf,False
cmappo_kl,2024,neighbour_edge_drop,0.3,6431,40,206815,44346,0.2144235186035829,78.55764813964171,8.745446823701752,162469,826,833,0.9939467312348668,0.985594237695078,0.9897528631705848,821,5,12,751,0.9973368841544608,78,0.9615384615384616,2.041132794277717,2.041132794277717,2.041132794277717,4.0,5.0,8.0,0,-0.4510579149281422,1.0,44346,44346,hybrid,locf,False
campus_senserl_bc,3407,neighbour_edge_drop,0.3,6431,40,206815,41223,0.1993230665087155,80.06769334912845,9.20922508333736,165592,826,842,0.9939467312348668,0.9750593824228028,0.9844124700239808,821,5,21,751,0.9973368841544608,78,0.9615384615384616,2.1767182397760845,2.1767182397760845,2.1767182397760845,4.0,5.0,8.0,0,-0.4376429249464494,1.0,41223,41223,hybrid,locf,False
cmappo_kl,3407,neighbour_edge_drop,0.3,6431,40,206815,47110,0.2277881198172279,77.2211880182772,8.578441501518425,159705,826,831,0.99636803874092,0.9903730445246692,0.9933614966807484,823,3,8,751,0.9986684420772304,78,0.9743589743589745,1.8805434613590424,1.8805434613590424,1.8805434613590424,4.0,4.0,8.0,0,-0.4637362465245416,1.0,47110,47110,hybrid,locf,False
campus_senserl_bc,9999,neighbour_edge_drop,0.3,6431,40,206815,41399,0.2001740686120446,79.98259313879555,9.209647192532763,165416,826,842,0.9927360774818402,0.973871733966746,0.9832134292565948,820,6,22,751,0.996005326231691,78,0.9615384615384616,2.162669102783393,2.162669102783393,2.162669102783393,4.0,5.0,8.0,0,-0.4379245638017353,1.0,41399,41399,hybrid,locf,False
cmappo_kl,9999,neighbour_edge_drop,0.3,6431,40,206815,46956,0.227043492976815,77.2956507023185,8.645512607985788,159859,826,831,0.9939467312348668,0.9879663056558364,0.9909474954737476,821,5,10,751,0.9973368841544608,78,0.9615384615384616,1.8672601461670035,1.8672601461670035,1.8672601461670035,4.0,4.0,8.0,0,-0.4683400465191972,1.0,46956,46956,hybrid,locf,False
