scenario,split,cohort,method,configuration,run,checkpoint,packet_loss,target_reduction,n_available,n_tx_attempts,n_delivered,transmission_rate,transmission_reduction,mae,event_tp,event_fp,event_fn,precision,recall,f1,aoi_raw,mae_ok,event_ok,aoi_ok,all_constraints_satisfied,n_true_events,aggregation,source,packet_loss_mode,notes
validation_cohort,val,final,fixed_15,interval_steps=1 (15 min),deterministic,,0.0,,206815.0,206815.0,206815.0,1.0,0.0,,826.0,0.0,0.0,1.0,1.0,1.0,0.0010884776862074,,True,True,,826.0,single_run,revision_eval,none,Periodic TX on locally available slots only
validation_cohort,val,final,fixed_30,interval_steps=2 (30 min),deterministic,,0.0,,206815.0,103504.0,103504.0,0.500466600585064,0.499533399414936,9.659978124304285,769.0,83.0,57.0,0.9025821596244132,0.9309927360774818,0.9165673420738976,0.6013878090499145,False,False,True,False,826.0,single_run,revision_eval,none,Periodic TX on locally available slots only
validation_cohort,val,final,fixed_45,interval_steps=3 (45 min),deterministic,,0.0,,206815.0,68883.0,68883.0,0.3330657834296351,0.6669342165703649,10.474124931125482,748.0,124.0,78.0,0.8577981651376146,0.9055690072639224,0.8810365135453475,1.201675478152698,False,False,True,False,826.0,single_run,revision_eval,none,Periodic TX on locally available slots only
validation_cohort,val,final,fixed_60,interval_steps=4 (60 min),deterministic,,0.0,,206815.0,51149.0,51149.0,0.2473176510407852,0.7526823489592147,11.335269101794868,733.0,123.0,93.0,0.8563084112149533,0.887409200968523,0.8715814506539834,1.88528611413466,False,False,True,False,826.0,single_run,revision_eval,none,Periodic TX on locally available slots only
validation_cohort,val,final,fixed_75,interval_steps=5 (75 min),deterministic,,0.0,,206815.0,41325.0,41325.0,0.1998162609095085,0.8001837390904916,11.755109070034443,731.0,136.0,95.0,0.8431372549019608,0.8849878934624698,0.8635558180744242,2.3895933758357955,False,False,True,False,826.0,single_run,revision_eval,none,Periodic TX on locally available slots only
validation_cohort,val,final,fixed_90,interval_steps=6 (90 min),deterministic,,0.0,,206815.0,34419.0,34419.0,0.1664240988322897,0.8335759011677103,12.517337989280492,711.0,144.0,115.0,0.8315789473684211,0.860774818401937,0.8459250446162999,3.0066319390452496,False,False,True,False,826.0,single_run,revision_eval,none,Periodic TX on locally available slots only
validation_cohort,val,final,semantic_expert,frozen_expert_thresholds,deterministic,,0.0,,206815.0,53994.0,53994.0,0.2610739066315306,0.7389260933684694,7.218922792024657,825.0,10.0,1.0,0.9880239520958084,0.9987893462469734,0.9933774834437086,1.748631628051625,True,True,True,True,826.0,single_run,revision_eval,none,Frozen semantic expert; not retuned
validation_cohort,val,final,delta_plus_heartbeat,"delta_ppm=25,heartbeat=3",deterministic,,0.0,,206815.0,56198.0,56198.0,0.2717307738800377,0.7282692261199624,9.224011897727348,818.0,43.0,8.0,0.9500580720092916,0.9903147699757868,0.9697688203912268,1.4430765044316591,False,True,True,False,826.0,single_run,revision_eval,none,VAL grid; selection uses this split only
validation_cohort,val,final,delta_plus_heartbeat,"delta_ppm=25,heartbeat=4",deterministic,,0.0,,206815.0,46256.0,46256.0,0.2236588255203926,0.7763411744796074,9.647045634315113,816.0,60.0,10.0,0.9315068493150684,0.9878934624697336,0.9588719153936546,1.9077048670502248,False,True,True,False,826.0,single_run,revision_eval,none,VAL grid; selection uses this split only
validation_cohort,val,final,delta_plus_heartbeat,"delta_ppm=25,heartbeat=5",deterministic,,0.0,,206815.0,39654.0,39654.0,0.1917365761671058,0.8082634238328941,10.056430626761026,817.0,60.0,9.0,0.9315849486887116,0.9891041162227604,0.9594832648267764,2.372364329031255,False,True,True,False,826.0,single_run,revision_eval,none,VAL grid; selection uses this split only
validation_cohort,val,final,delta_plus_heartbeat,"delta_ppm=25,heartbeat=6",deterministic,,0.0,,206815.0,34921.0,34921.0,0.1688513889224669,0.831148611077533,10.492885150150672,816.0,70.0,10.0,0.9209932279909706,0.9878934624697336,0.9532710280373832,2.831507541595397,False,True,True,False,826.0,single_run,revision_eval,none,VAL grid; selection uses this split only
validation_cohort,val,final,delta_plus_heartbeat,"delta_ppm=50,heartbeat=3",deterministic,,0.0,,206815.0,52459.0,52459.0,0.2536518144235186,0.7463481855764814,10.087777605016974,806.0,73.0,20.0,0.9169510807736064,0.9757869249394672,0.9454545454545454,1.4920230135282226,False,False,True,False,826.0,single_run,revision_eval,none,VAL grid; selection uses this split only
validation_cohort,val,final,delta_plus_heartbeat,"delta_ppm=50,heartbeat=4",deterministic,,0.0,,206815.0,42178.0,42178.0,0.2039407199671203,0.7960592800328796,10.597107576061276,798.0,87.0,28.0,0.9016949152542372,0.9661016949152542,0.9327878433664524,1.9891851967034675,False,False,True,False,826.0,single_run,revision_eval,none,VAL grid; selection uses this split only
validation_cohort,val,final,delta_plus_heartbeat,"delta_ppm=50,heartbeat=5",deterministic,,0.0,,206815.0,35326.0,35326.0,0.1708096608079684,0.8291903391920316,11.132871496130948,796.0,105.0,30.0,0.8834628190899001,0.9636803874092008,0.9218297625940938,2.4793266988026748,False,False,True,False,826.0,single_run,revision_eval,none,VAL grid; selection uses this split only
validation_cohort,val,final,delta_plus_heartbeat,"delta_ppm=50,heartbeat=6",deterministic,,0.0,,206815.0,30452.0,30452.0,0.1472427048328216,0.8527572951671785,11.60276248419453,791.0,84.0,35.0,0.904,0.9576271186440678,0.9300411522633746,2.9730446275851343,False,False,True,False,826.0,single_run,revision_eval,none,VAL grid; selection uses this split only
validation_cohort,val,final,delta_plus_heartbeat,"delta_ppm=75,heartbeat=3",deterministic,,0.0,,206815.0,52049.0,52049.0,0.2516693663418998,0.7483306336581002,10.393316361474742,803.0,77.0,23.0,0.9125,0.9721549636803876,0.9413833528722158,1.4975509252060333,False,False,True,False,826.0,single_run,revision_eval,none,VAL grid; selection uses this split only
validation_cohort,val,final,delta_plus_heartbeat,"delta_ppm=75,heartbeat=4",deterministic,,0.0,,206815.0,41731.0,41731.0,0.2017793680342335,0.7982206319657665,10.977962734123237,797.0,99.0,29.0,0.8895089285714286,0.9648910411622276,0.9256678281068524,1.996003731923496,False,False,True,False,826.0,single_run,revision_eval,none,VAL grid; selection uses this split only
validation_cohort,val,final,delta_plus_heartbeat,"delta_ppm=75,heartbeat=5",deterministic,,0.0,,206815.0,34859.0,34859.0,0.1685516040906123,0.8314483959093877,11.520609923468797,792.0,112.0,34.0,0.8761061946902655,0.9588377723970944,0.915606936416185,2.489332918675167,False,False,True,False,826.0,single_run,revision_eval,none,VAL grid; selection uses this split only
validation_cohort,val,final,delta_plus_heartbeat,"delta_ppm=75,heartbeat=6",deterministic,,0.0,,206815.0,29948.0,29948.0,0.1448057442641974,0.8551942557358025,12.06444955814256,769.0,125.0,57.0,0.860178970917226,0.9309927360774818,0.8941860465116279,2.988466023946509,False,False,True,False,826.0,single_run,revision_eval,none,VAL grid; selection uses this split only
validation_cohort,val,final,delta_plus_heartbeat,"delta_ppm=100,heartbeat=3",deterministic,,0.0,,206815.0,51891.0,51891.0,0.250905398544593,0.749094601455407,10.569679326637576,808.0,103.0,18.0,0.8869374313940724,0.9782082324455206,0.9303396660909614,1.4979513294977451,False,False,True,False,826.0,single_run,revision_eval,none,VAL grid; selection uses this split only
validation_cohort,val,final,delta_plus_heartbeat,"delta_ppm=100,heartbeat=4",deterministic,,0.0,,206815.0,41573.0,41573.0,0.2010154002369267,0.7989845997630733,11.17594195180402,798.0,111.0,28.0,0.8778877887788779,0.9661016949152542,0.919884726224784,1.9996928937956773,False,False,True,False,826.0,single_run,revision_eval,none,VAL grid; selection uses this split only
validation_cohort,val,final,delta_plus_heartbeat,"delta_ppm=100,heartbeat=5",deterministic,,0.0,,206815.0,34682.0,34682.0,0.1676957667480598,0.8323042332519401,11.738771763694352,782.0,128.0,44.0,0.8593406593406593,0.946731234866828,0.900921658986175,2.49197247706422,False,False,True,False,826.0,single_run,revision_eval,none,VAL grid; selection uses this split only
validation_cohort,val,final,delta_plus_heartbeat,"delta_ppm=100,heartbeat=6",deterministic,,0.0,,206815.0,29769.0,29769.0,0.143940236443198,0.8560597635568019,12.32960360584255,760.0,149.0,66.0,0.8360836083608361,0.9200968523002422,0.8760806916426512,2.993597418752916,False,False,True,False,826.0,single_run,revision_eval,none,VAL grid; selection uses this split only
validation_cohort,val,final,cmappo_kl,tau=0.5,42,C:\Users\test\Desktop\CAMPUS-SenseRL\results\rl_final\cmappo_kl\seed_42\best_model.pt,0.0,,206815.0,44162.0,44162.0,0.2135338345864661,0.7864661654135339,8.922798841705964,820.0,22.0,6.0,0.973871733966746,0.9927360774818402,0.9832134292565948,2.014538951951485,True,True,True,True,826.0,single_run,revision_eval,none,Frozen final KL-CMAPPO; no retraining
validation_cohort,val,final,cmappo_kl,tau=0.5,123,C:\Users\test\Desktop\CAMPUS-SenseRL\results\rl_final\cmappo_kl\seed_123\best_model.pt,0.0,,206815.0,47548.0,47548.0,0.2299059545971037,0.7700940454028963,8.540526286047957,823.0,9.0,3.0,0.9891826923076924,0.99636803874092,0.9927623642943304,1.8489231845747165,True,True,True,True,826.0,single_run,revision_eval,none,Frozen final KL-CMAPPO; no retraining
validation_cohort,val,final,cmappo_kl,tau=0.5,2024,C:\Users\test\Desktop\CAMPUS-SenseRL\results\rl_final\cmappo_kl\seed_2024\best_model.pt,0.0,,206815.0,44543.0,44543.0,0.2153760607306046,0.7846239392693953,8.794406921711694,821.0,12.0,5.0,0.985594237695078,0.9939467312348668,0.9897528631705848,2.0183874980562897,True,True,True,True,826.0,single_run,revision_eval,none,Frozen final KL-CMAPPO; no retraining
validation_cohort,val,final,cmappo_kl,tau=0.5,3407,C:\Users\test\Desktop\CAMPUS-SenseRL\results\rl_final\cmappo_kl\seed_3407\best_model.pt,0.0,,206815.0,46486.0,46486.0,0.2247709305417885,0.7752290694582115,8.72362454702518,822.0,9.0,4.0,0.9891696750902528,0.9951573849878934,0.992154496077248,1.8992691649821176,True,True,True,True,826.0,single_run,revision_eval,none,Frozen final KL-CMAPPO; no retraining
validation_cohort,val,final,cmappo_kl,tau=0.5,9999,C:\Users\test\Desktop\CAMPUS-SenseRL\results\rl_final\cmappo_kl\seed_9999\best_model.pt,0.0,,206815.0,46927.0,46927.0,0.2269032710393346,0.7730967289606654,8.730661463024116,821.0,11.0,5.0,0.986778846153846,0.9939467312348668,0.9903498190591074,1.8583385165604105,True,True,True,True,826.0,single_run,revision_eval,none,Frozen final KL-CMAPPO; no retraining
heldout_sensors,val,heldout,campus_senserl_bc,tau=0.5,42,legacy_frozen_csv,0.0,,203488.0,42465.0,42465.0,0.2086855244535304,0.7913144755464696,9.29489576023301,1683.0,56.0,9.0,0.9677975848188616,0.9946808510638298,0.9810550859807636,2.078207121754004,False,True,True,False,1692.0,single_run,legacy_frozen_csv,none,Imported from frozen CSV; BC checkpoints missing in this clone.
heldout_sensors,test,heldout,campus_senserl_bc,tau=0.5,42,legacy_frozen_csv,0.0,,211524.0,43234.0,43234.0,0.2043928821315784,0.7956071178684215,8.961655475667003,1224.0,39.0,7.0,0.9691211401425178,0.9943135662063364,0.9815557337610266,2.099665681853522,True,True,True,True,1231.0,single_run,legacy_frozen_csv,none,Imported from frozen CSV; BC checkpoints missing in this clone.
heldout_sensors,val,heldout,campus_senserl_bc,tau=0.5,123,legacy_frozen_csv,0.0,,203488.0,42234.0,42234.0,0.2075503223777323,0.7924496776222676,9.303186277549704,1683.0,54.0,9.0,0.9689119170984456,0.9946808510638298,0.9816272965879264,2.093181464779972,False,True,True,False,1692.0,single_run,legacy_frozen_csv,none,Imported from frozen CSV; BC checkpoints missing in this clone.
heldout_sensors,test,heldout,campus_senserl_bc,tau=0.5,123,legacy_frozen_csv,0.0,,211524.0,43002.0,43002.0,0.2032960798774607,0.7967039201225393,8.965802684515968,1225.0,36.0,6.0,0.971451229183188,0.9951259138911456,0.9831460674157304,2.123895972632561,True,True,True,True,1231.0,single_run,legacy_frozen_csv,none,Imported from frozen CSV; BC checkpoints missing in this clone.
heldout_sensors,val,heldout,campus_senserl_bc,tau=0.5,2024,legacy_frozen_csv,0.0,,203488.0,41741.0,41741.0,0.205127575090423,0.794872424909577,9.574007555008748,1682.0,75.0,10.0,0.9573136027319294,0.9940898345153664,0.9753551754131632,2.128751360597108,False,True,True,False,1692.0,single_run,legacy_frozen_csv,none,Imported from frozen CSV; BC checkpoints missing in this clone.
heldout_sensors,test,heldout,campus_senserl_bc,tau=0.5,2024,legacy_frozen_csv,0.0,,211524.0,42539.0,42539.0,0.2011072029651481,0.7988927970348518,9.033115365269106,1225.0,38.0,6.0,0.9699129057798892,0.9951259138911456,0.9823576583801124,2.160091743119266,False,True,True,False,1231.0,single_run,legacy_frozen_csv,none,Imported from frozen CSV; BC checkpoints missing in this clone.
heldout_sensors,val,heldout,campus_senserl_bc,tau=0.5,3407,legacy_frozen_csv,0.0,,203488.0,41919.0,41919.0,0.2060023195470986,0.7939976804529014,9.242589853251552,1686.0,50.0,6.0,0.9711981566820276,0.99645390070922,0.9836639439906651,2.1159889597263257,False,True,True,False,1692.0,single_run,legacy_frozen_csv,none,Imported from frozen CSV; BC checkpoints missing in this clone.
heldout_sensors,test,heldout,campus_senserl_bc,tau=0.5,3407,legacy_frozen_csv,0.0,,211524.0,42718.0,42718.0,0.201953442635351,0.7980465573646489,8.914694975297087,1225.0,26.0,6.0,0.9792166266986412,0.9951259138911456,0.9871071716357775,2.1322655885554345,True,True,True,True,1231.0,single_run,legacy_frozen_csv,none,Imported from frozen CSV; BC checkpoints missing in this clone.
heldout_sensors,val,heldout,campus_senserl_bc,tau=0.5,9999,legacy_frozen_csv,0.0,,203488.0,42183.0,42183.0,0.2072996933480106,0.7927003066519893,9.258479278385668,1683.0,50.0,9.0,0.9711482977495672,0.9946808510638298,0.9827737226277372,2.096536308505676,False,True,True,False,1692.0,single_run,legacy_frozen_csv,none,Imported from frozen CSV; BC checkpoints missing in this clone.
heldout_sensors,test,heldout,campus_senserl_bc,tau=0.5,9999,legacy_frozen_csv,0.0,,211524.0,42979.0,42979.0,0.2031873451712335,0.7968126548287665,8.918603340354208,1225.0,32.0,6.0,0.9745425616547336,0.9951259138911456,0.984726688102894,2.1155691183330743,True,True,True,True,1231.0,single_run,legacy_frozen_csv,none,Imported from frozen CSV; BC checkpoints missing in this clone.
validation_cohort,val,final,campus_senserl_bc,tau=0.5 (legacy mean of 5),mean_of_5,legacy_frozen_summary,0.0,,,,,0.2024118173246621,0.7975881826753378,9.204679195085538,,,,0.970192326752546,0.9929782082324456,0.9814528134079998,2.125630539573939,False,True,True,False,,mean_of_n,legacy_frozen_summary,none,Imported from frozen CSV; BC checkpoints missing in this clone. Counts (n_available/n_tx) unavailable in summary.
frozen_temporal_test,test,final,campus_senserl_bc,tau=0.5 (legacy mean of 5),mean_of_5,legacy_frozen_summary,0.0,,,,,0.1976983160022289,0.802301683997771,9.004188944374237,,,,0.8806468256300736,0.9254901960784314,0.9025008325008326,2.129224070906546,False,False,True,False,,mean_of_n,legacy_frozen_summary,none,Imported from frozen CSV; BC checkpoints missing in this clone. Counts (n_available/n_tx) unavailable in summary.
packet_loss,val,final,campus_senserl_bc,tau=0.5 (legacy mean of 5),mean_of_5,legacy_frozen_summary,0.0,,,,,0.2024118173246621,0.7975881826753378,9.204679195085538,,,,,0.9929782082324456,,2.125630539573939,False,True,True,False,,mean_of_n,legacy_frozen_summary,per_attempt_legacy,Imported from frozen CSV; BC checkpoints missing in this clone. Legacy per-attempt loss; not the shared slot mask.
packet_loss,val,final,campus_senserl_bc,tau=0.5 (legacy mean of 5),mean_of_5,legacy_frozen_summary,0.1,,,,,0.2193419239416869,0.780658076058313,9.434653987273911,,,,,0.9799031476997578,,2.1960954750427617,False,False,True,False,,mean_of_n,legacy_frozen_summary,per_attempt_legacy,Imported from frozen CSV; BC checkpoints missing in this clone. Legacy per-attempt loss; not the shared slot mask.
packet_loss,val,final,campus_senserl_bc,tau=0.5 (legacy mean of 5),mean_of_5,legacy_frozen_summary,0.2,,,,,0.238683847883374,0.761316152116626,9.679017247501696,,,,,0.9680387409200968,,2.2839301819312703,False,False,True,False,,mean_of_n,legacy_frozen_summary,per_attempt_legacy,Imported from frozen CSV; BC checkpoints missing in this clone. Legacy per-attempt loss; not the shared slot mask.
packet_loss,val,final,campus_senserl_bc,tau=0.5 (legacy mean of 5),mean_of_5,legacy_frozen_summary,0.4,,,,,0.2914082634238329,0.708591736576167,10.319959578693814,,,,,0.94818401937046,,2.55880189706111,False,False,True,False,,mean_of_n,legacy_frozen_summary,per_attempt_legacy,Imported from frozen CSV; BC checkpoints missing in this clone. Legacy per-attempt loss; not the shared slot mask.
frozen_temporal_test,test,final,fixed_15,interval_steps=1 (15 min),deterministic,,0.0,,211758.0,211758.0,211758.0,1.0,0.0,,102.0,0.0,0.0,1.0,1.0,1.0,0.0001554968123153,,True,True,,102.0,single_run,revision_eval,none,Test after VAL freeze; not used for selection
frozen_temporal_test,test,final,fixed_30,interval_steps=2 (30 min),deterministic,,0.0,,211758.0,106077.0,106077.0,0.5009350296092709,0.499064970390729,9.36349012594506,45.0,76.0,57.0,0.371900826446281,0.4411764705882353,0.4035874439461883,0.530146944487638,False,False,True,False,102.0,single_run,revision_eval,none,Test after VAL freeze; not used for selection
frozen_temporal_test,test,final,fixed_45,interval_steps=3 (45 min),deterministic,,0.0,,211758.0,70634.0,70634.0,0.3335600071780051,0.6664399928219948,9.9274609563221,36.0,99.0,66.0,0.2666666666666666,0.3529411764705882,0.3037974683544304,1.1252837816824754,False,False,True,False,102.0,single_run,revision_eval,none,Test after VAL freeze; not used for selection
frozen_temporal_test,test,final,fixed_60,interval_steps=4 (60 min),deterministic,,0.0,,211758.0,52646.0,52646.0,0.2486139838872675,0.7513860161127325,10.550982955402484,27.0,63.0,75.0,0.3,0.2647058823529412,0.28125,1.7559633027522936,False,False,True,False,102.0,single_run,revision_eval,none,Test after VAL freeze; not used for selection
frozen_temporal_test,test,final,fixed_75,interval_steps=5 (75 min),deterministic,,0.0,,211758.0,42356.0,42356.0,0.2000207784357615,0.7999792215642384,10.849440974722848,26.0,72.0,76.0,0.2653061224489796,0.2549019607843137,0.2599999999999999,2.162770175711398,False,False,True,False,102.0,single_run,revision_eval,none,Test after VAL freeze; not used for selection
frozen_temporal_test,test,final,fixed_90,interval_steps=6 (90 min),deterministic,,0.0,,211758.0,35435.0,35435.0,0.1673372434571539,0.832662756542846,11.338452725963148,12.0,91.0,90.0,0.116504854368932,0.1176470588235294,0.1170731707317073,2.665234800186596,False,False,True,False,102.0,single_run,revision_eval,none,Test after VAL freeze; not used for selection
frozen_temporal_test,test,final,semantic_expert,frozen_expert_thresholds,deterministic,,0.0,,211758.0,54092.0,54092.0,0.2554425334580039,0.7445574665419961,7.216203874012153,100.0,7.0,2.0,0.9345794392523364,0.9803921568627452,0.9569377990430622,1.7669841393251438,True,False,True,False,102.0,single_run,revision_eval,none,Test after VAL freeze
frozen_temporal_test,test,final,delta_plus_heartbeat,"delta_ppm=25,heartbeat=3",deterministic,,0.0,,211758.0,57606.0,57606.0,0.2720369478366815,0.7279630521633185,8.790012455238985,98.0,23.0,4.0,0.8099173553719008,0.9607843137254902,0.8789237668161435,1.4026162338672057,True,False,True,False,102.0,single_run,revision_eval,none,"VAL-selected Delta+heartbeat, frozen before test"
frozen_temporal_test,test,final,cmappo_kl,tau=0.5,42,C:\Users\test\Desktop\CAMPUS-SenseRL\results\rl_final\cmappo_kl\seed_42\best_model.pt,0.0,,211758.0,44277.0,44277.0,0.2090924545943955,0.7909075454056045,8.752401764976325,96.0,8.0,6.0,0.9230769230769232,0.9411764705882352,0.9320388349514565,2.03089721660706,True,False,True,False,102.0,single_run,revision_eval,none,Frozen 5-run test aggregate
frozen_temporal_test,test,final,cmappo_kl,tau=0.5,123,C:\Users\test\Desktop\CAMPUS-SenseRL\results\rl_final\cmappo_kl\seed_123\best_model.pt,0.0,,211758.0,47726.0,47726.0,0.2253799148084133,0.7746200851915866,8.454039455715957,98.0,9.0,4.0,0.9158878504672896,0.9607843137254902,0.9377990430622012,1.8786308505675635,True,False,True,False,102.0,single_run,revision_eval,none,Frozen 5-run test aggregate; seed 123 is the original single-seed paper report
frozen_temporal_test,test,final,cmappo_kl,tau=0.5,2024,C:\Users\test\Desktop\CAMPUS-SenseRL\results\rl_final\cmappo_kl\seed_2024\best_model.pt,0.0,,211758.0,44732.0,44732.0,0.2112411337470131,0.788758866252987,8.649365966975202,97.0,11.0,5.0,0.8981481481481481,0.9509803921568628,0.9238095238095236,2.014399004820401,True,False,True,False,102.0,single_run,revision_eval,none,Frozen 5-run test aggregate
frozen_temporal_test,test,final,cmappo_kl,tau=0.5,3407,C:\Users\test\Desktop\CAMPUS-SenseRL\results\rl_final\cmappo_kl\seed_3407\best_model.pt,0.0,,211758.0,46632.0,46632.0,0.2202136400986031,0.7797863599013969,8.57946053316861,97.0,7.0,5.0,0.9326923076923076,0.9509803921568628,0.941747572815534,1.920871559633028,True,False,True,False,102.0,single_run,revision_eval,none,Frozen 5-run test aggregate
frozen_temporal_test,test,final,cmappo_kl,tau=0.5,9999,C:\Users\test\Desktop\CAMPUS-SenseRL\results\rl_final\cmappo_kl\seed_9999\best_model.pt,0.0,,211758.0,47085.0,47085.0,0.2223528745076927,0.7776471254923072,8.62894949384538,98.0,11.0,4.0,0.8990825688073395,0.9607843137254902,0.9289099526066352,1.882358886642824,True,False,True,False,102.0,single_run,revision_eval,none,Frozen 5-run test aggregate
heldout_sensors,test,heldout,fixed_15,interval_steps=1 (15 min),deterministic,,0.0,,211524.0,211524.0,211524.0,1.0,0.0,,1231.0,0.0,0.0,1.0,1.0,1.0,6.219872492613902e-05,,True,True,,1231.0,single_run,revision_eval,none,Unseen sensors; never used for RL development
heldout_sensors,test,heldout,fixed_30,interval_steps=2 (30 min),deterministic,,0.0,,211524.0,106023.0,106023.0,0.5012339025358824,0.4987660974641176,11.635226206386667,1062.0,134.0,169.0,0.8879598662207357,0.8627132412672623,0.8751545117428925,0.5472088322189396,False,False,True,False,1231.0,single_run,revision_eval,none,Unseen sensors; never used for RL development
heldout_sensors,test,heldout,fixed_45,interval_steps=3 (45 min),deterministic,,0.0,,211524.0,70352.0,70352.0,0.3325958283693576,0.6674041716306424,13.423398407616242,964.0,219.0,267.0,0.8148774302620456,0.7831031681559708,0.7986743993371996,1.1287824599595708,False,False,True,False,1231.0,single_run,revision_eval,none,Unseen sensors; never used for RL development
heldout_sensors,test,heldout,fixed_60,interval_steps=4 (60 min),deterministic,,0.0,,211524.0,52665.0,52665.0,0.248978839280649,0.751021160719351,14.769178957440246,915.0,261.0,316.0,0.7780612244897959,0.743298131600325,0.7602825093477358,1.760087855698958,False,False,True,False,1231.0,single_run,revision_eval,none,Unseen sensors; never used for RL development
heldout_sensors,test,heldout,fixed_75,interval_steps=5 (75 min),deterministic,,0.0,,211524.0,42402.0,42402.0,0.2004595223237079,0.799540477676292,15.642808150329348,851.0,296.0,380.0,0.7419354838709677,0.6913078797725426,0.7157275021026072,2.20323433369616,False,False,True,False,1231.0,single_run,revision_eval,none,Unseen sensors; never used for RL development
heldout_sensors,test,heldout,fixed_90,interval_steps=6 (90 min),deterministic,,0.0,,211524.0,35265.0,35265.0,0.1667186702218188,0.8332813297781811,16.624898586738833,864.0,346.0,367.0,0.7140495867768595,0.7018683996750609,0.7079065956575173,2.733218006530866,False,False,True,False,1231.0,single_run,revision_eval,none,Unseen sensors; never used for RL development
heldout_sensors,test,heldout,semantic_expert,frozen_expert_thresholds,deterministic,,0.0,,211524.0,54280.0,54280.0,0.2566139066961668,0.7433860933038332,7.230393528528911,1229.0,9.0,2.0,0.9927302100161552,0.9983753046303818,0.9955447549615228,1.773099051469445,True,True,True,True,1231.0,single_run,revision_eval,none,Unseen sensors
heldout_sensors,test,heldout,delta_plus_heartbeat,"delta_ppm=25,heartbeat=3",deterministic,,0.0,,211524.0,57562.0,57562.0,0.2721298765151945,0.7278701234848055,9.440991933074397,1216.0,56.0,15.0,0.9559748427672956,0.9878147847278635,0.9716340391530164,1.4438345513916964,False,True,True,False,1231.0,single_run,revision_eval,none,VAL-selected Delta+heartbeat transferred to unseen sensors
heldout_sensors,test,heldout,cmappo_kl,tau=0.5,42,C:\Users\test\Desktop\CAMPUS-SenseRL\results\rl_final\cmappo_kl\seed_42\best_model.pt,0.0,,211524.0,45073.0,45073.0,0.2130869310338306,0.7869130689661693,8.681419757165772,1227.0,19.0,4.0,0.9847512038523274,0.9967506092607636,0.9907145740815504,2.025699735655419,True,True,True,True,1231.0,single_run,revision_eval,none,Parameter-shared actor transfer; no held-out tuning
heldout_sensors,test,heldout,cmappo_kl,tau=0.5,123,C:\Users\test\Desktop\CAMPUS-SenseRL\results\rl_final\cmappo_kl\seed_123\best_model.pt,0.0,,211524.0,48510.0,48510.0,0.2293356782209111,0.770664321779089,8.325806372458807,1226.0,5.0,5.0,0.9959382615759546,0.9959382615759546,0.9959382615759546,1.871415798476132,True,True,True,True,1231.0,single_run,revision_eval,none,Parameter-shared actor transfer; no held-out tuning
heldout_sensors,test,heldout,cmappo_kl,tau=0.5,2024,C:\Users\test\Desktop\CAMPUS-SenseRL\results\rl_final\cmappo_kl\seed_2024\best_model.pt,0.0,,211524.0,45619.0,45619.0,0.2156681984077457,0.7843318015922542,8.536855429311956,1228.0,13.0,3.0,0.9895245769540691,0.9975629569455728,0.9935275080906149,2.030407401648266,True,True,True,True,1231.0,single_run,revision_eval,none,Parameter-shared actor transfer; no held-out tuning
heldout_sensors,test,heldout,cmappo_kl,tau=0.5,3407,C:\Users\test\Desktop\CAMPUS-SenseRL\results\rl_final\cmappo_kl\seed_3407\best_model.pt,0.0,,211524.0,47416.0,47416.0,0.2241636882812352,0.7758363117187648,8.445761327906013,1226.0,7.0,5.0,0.994322789943228,0.9959382615759546,0.99512987012987,1.8937840149276937,True,True,True,True,1231.0,single_run,revision_eval,none,Parameter-shared actor transfer; no held-out tuning
heldout_sensors,test,heldout,cmappo_kl,tau=0.5,9999,C:\Users\test\Desktop\CAMPUS-SenseRL\results\rl_final\cmappo_kl\seed_9999\best_model.pt,0.0,,211524.0,47898.0,47898.0,0.2264423895160832,0.7735576104839167,8.485424076858202,1226.0,10.0,5.0,0.9919093851132686,0.9959382615759546,0.9939197405755978,1.854968123153476,True,True,True,True,1231.0,single_run,revision_eval,none,Parameter-shared actor transfer; no held-out tuning
packet_loss,val,final,fixed_60,interval_steps=4 (60 min),deterministic,,0.0,,206815.0,51149.0,51149.0,0.2473176510407852,0.7526823489592147,11.335269101794868,733.0,123.0,93.0,0.8563084112149533,0.887409200968523,0.8715814506539834,1.88528611413466,False,False,True,False,826.0,single_run,revision_eval,none,"Shared (t,sensor) drop mask; cost counted on attempts"
packet_loss,val,final,fixed_75,interval_steps=5 (75 min),deterministic,,0.0,,206815.0,41325.0,41325.0,0.1998162609095085,0.8001837390904916,11.755109070034443,731.0,136.0,95.0,0.8431372549019608,0.8849878934624698,0.8635558180744242,2.3895933758357955,False,False,True,False,826.0,single_run,revision_eval,none,"Shared (t,sensor) drop mask; cost counted on attempts"
packet_loss,val,final,delta_plus_heartbeat,"delta_ppm=25,heartbeat=3",deterministic,,0.0,,206815.0,56198.0,56198.0,0.2717307738800377,0.7282692261199624,9.224011897727348,818.0,43.0,8.0,0.9500580720092916,0.9903147699757868,0.9697688203912268,1.4430765044316591,False,True,True,False,826.0,single_run,revision_eval,none,"Shared (t,sensor) drop mask; cost counted on attempts"
packet_loss,val,final,semantic_expert,frozen_expert_thresholds,deterministic,,0.0,,206815.0,53994.0,53994.0,0.2610739066315306,0.7389260933684694,7.218922792024657,825.0,10.0,1.0,0.9880239520958084,0.9987893462469734,0.9933774834437086,1.748631628051625,True,True,True,True,826.0,single_run,revision_eval,none,"Shared (t,sensor) drop mask; cost counted on attempts"
packet_loss,val,final,cmappo_kl,tau=0.5,42,C:\Users\test\Desktop\CAMPUS-SenseRL\results\rl_final\cmappo_kl\seed_42\best_model.pt,0.0,,206815.0,44162.0,44162.0,0.2135338345864661,0.7864661654135339,8.922798841705964,820.0,22.0,6.0,0.973871733966746,0.9927360774818402,0.9832134292565948,2.014538951951485,True,True,True,True,826.0,single_run,revision_eval,none,"Shared slot mask; eval seed 42 for mask fairness, checkpoint identity in run="
packet_loss,val,final,cmappo_kl,tau=0.5,123,C:\Users\test\Desktop\CAMPUS-SenseRL\results\rl_final\cmappo_kl\seed_123\best_model.pt,0.0,,206815.0,47548.0,47548.0,0.2299059545971037,0.7700940454028963,8.540526286047957,823.0,9.0,3.0,0.9891826923076924,0.99636803874092,0.9927623642943304,1.8489231845747165,True,True,True,True,826.0,single_run,revision_eval,none,"Shared slot mask; eval seed 42 for mask fairness, checkpoint identity in run="
packet_loss,val,final,cmappo_kl,tau=0.5,2024,C:\Users\test\Desktop\CAMPUS-SenseRL\results\rl_final\cmappo_kl\seed_2024\best_model.pt,0.0,,206815.0,44543.0,44543.0,0.2153760607306046,0.7846239392693953,8.794406921711694,821.0,12.0,5.0,0.985594237695078,0.9939467312348668,0.9897528631705848,2.0183874980562897,True,True,True,True,826.0,single_run,revision_eval,none,"Shared slot mask; eval seed 42 for mask fairness, checkpoint identity in run="
packet_loss,val,final,cmappo_kl,tau=0.5,3407,C:\Users\test\Desktop\CAMPUS-SenseRL\results\rl_final\cmappo_kl\seed_3407\best_model.pt,0.0,,206815.0,46486.0,46486.0,0.2247709305417885,0.7752290694582115,8.72362454702518,822.0,9.0,4.0,0.9891696750902528,0.9951573849878934,0.992154496077248,1.8992691649821176,True,True,True,True,826.0,single_run,revision_eval,none,"Shared slot mask; eval seed 42 for mask fairness, checkpoint identity in run="
packet_loss,val,final,cmappo_kl,tau=0.5,9999,C:\Users\test\Desktop\CAMPUS-SenseRL\results\rl_final\cmappo_kl\seed_9999\best_model.pt,0.0,,206815.0,46927.0,46927.0,0.2269032710393346,0.7730967289606654,8.730661463024116,821.0,11.0,5.0,0.986778846153846,0.9939467312348668,0.9903498190591074,1.8583385165604105,True,True,True,True,826.0,single_run,revision_eval,none,"Shared slot mask; eval seed 42 for mask fairness, checkpoint identity in run="
packet_loss,val,final,fixed_60,interval_steps=4 (60 min),deterministic,,0.1,,206815.0,51149.0,45974.0,0.2473176510407852,0.7526823489592147,11.908717304667343,726.0,123.0,100.0,0.8551236749116607,0.8789346246973365,0.8668656716417911,2.334104338361064,False,False,True,False,826.0,single_run,revision_eval,independent_slots,"Shared (t,sensor) drop mask; cost counted on attempts"
packet_loss,val,final,fixed_75,interval_steps=5 (75 min),deterministic,,0.1,,206815.0,41325.0,37120.0,0.1998162609095085,0.8001837390904916,12.387919502637084,729.0,148.0,97.0,0.8312428734321551,0.8825665859564165,0.8561362301820318,2.94695226247862,False,False,True,False,826.0,single_run,revision_eval,independent_slots,"Shared (t,sensor) drop mask; cost counted on attempts"
packet_loss,val,final,delta_plus_heartbeat,"delta_ppm=25,heartbeat=3",deterministic,,0.1,,206815.0,60310.0,54204.0,0.2916132775669076,0.7083867224330924,9.493994535125251,813.0,52.0,13.0,0.9398843930635838,0.9842615012106536,0.9615612063867534,1.517349556834085,False,False,True,False,826.0,single_run,revision_eval,independent_slots,"Shared (t,sensor) drop mask; cost counted on attempts"
packet_loss,val,final,semantic_expert,frozen_expert_thresholds,deterministic,,0.1,,206815.0,57480.0,51701.0,0.2779295505645142,0.7220704494354858,7.613645447864151,819.0,20.0,7.0,0.9761620977353992,0.9915254237288136,0.9837837837837838,1.82707588244441,True,True,True,True,826.0,single_run,revision_eval,independent_slots,"Shared (t,sensor) drop mask; cost counted on attempts"
packet_loss,val,final,cmappo_kl,tau=0.5,42,C:\Users\test\Desktop\CAMPUS-SenseRL\results\rl_final\cmappo_kl\seed_42\best_model.pt,0.1,,206815.0,47639.0,42873.0,0.2303459613664386,0.7696540386335614,9.191165168169231,816.0,28.0,10.0,0.966824644549763,0.9878934624697336,0.977245508982036,2.0840071528533666,False,True,True,False,826.0,single_run,revision_eval,independent_slots,"Shared slot mask; eval seed 42 for mask fairness, checkpoint identity in run="
packet_loss,val,final,cmappo_kl,tau=0.5,123,C:\Users\test\Desktop\CAMPUS-SenseRL\results\rl_final\cmappo_kl\seed_123\best_model.pt,0.1,,206815.0,51261.0,46045.0,0.2478591978338128,0.7521408021661872,8.804652609317658,817.0,22.0,9.0,0.9737783075089392,0.9891041162227604,0.9813813813813814,1.915444720883222,True,True,True,True,826.0,single_run,revision_eval,independent_slots,"Shared slot mask; eval seed 42 for mask fairness, checkpoint identity in run="
packet_loss,val,final,cmappo_kl,tau=0.5,2024,C:\Users\test\Desktop\CAMPUS-SenseRL\results\rl_final\cmappo_kl\seed_2024\best_model.pt,0.1,,206815.0,48017.0,43210.0,0.2321736817929067,0.7678263182070932,9.020812322361786,816.0,25.0,10.0,0.9702734839476812,0.9878934624697336,0.979004199160168,2.0874164204633807,False,True,True,False,826.0,single_run,revision_eval,independent_slots,"Shared slot mask; eval seed 42 for mask fairness, checkpoint identity in run="
packet_loss,val,final,cmappo_kl,tau=0.5,3407,C:\Users\test\Desktop\CAMPUS-SenseRL\results\rl_final\cmappo_kl\seed_3407\best_model.pt,0.1,,206815.0,50068.0,45055.0,0.2420907574402243,0.7579092425597757,8.969658753709199,817.0,22.0,9.0,0.9737783075089392,0.9891041162227604,0.9813813813813814,1.968414709998445,True,True,True,True,826.0,single_run,revision_eval,independent_slots,"Shared slot mask; eval seed 42 for mask fairness, checkpoint identity in run="
packet_loss,val,final,cmappo_kl,tau=0.5,9999,C:\Users\test\Desktop\CAMPUS-SenseRL\results\rl_final\cmappo_kl\seed_9999\best_model.pt,0.1,,206815.0,50611.0,45467.0,0.2447162923385634,0.7552837076614365,8.97473783375065,816.0,26.0,10.0,0.9691211401425178,0.9878934624697336,0.9784172661870504,1.9274840615767377,True,True,True,True,826.0,single_run,revision_eval,independent_slots,"Shared slot mask; eval seed 42 for mask fairness, checkpoint identity in run="
packet_loss,val,final,fixed_60,interval_steps=4 (60 min),deterministic,,0.2,,206815.0,51149.0,40816.0,0.2473176510407852,0.7526823489592147,12.639124332074289,713.0,127.0,113.0,0.8488095238095238,0.8631961259079903,0.8559423769507803,2.911129684341471,False,False,True,False,826.0,single_run,revision_eval,independent_slots,"Shared (t,sensor) drop mask; cost counted on attempts"
packet_loss,val,final,fixed_75,interval_steps=5 (75 min),deterministic,,0.2,,206815.0,41325.0,32882.0,0.1998162609095085,0.8001837390904916,13.179482904336728,707.0,161.0,119.0,0.8145161290322581,0.8559322033898306,0.8347107438016529,3.684081013839216,False,False,False,False,826.0,single_run,revision_eval,independent_slots,"Shared (t,sensor) drop mask; cost counted on attempts"
packet_loss,val,final,delta_plus_heartbeat,"delta_ppm=25,heartbeat=3",deterministic,,0.2,,206815.0,65159.0,52020.0,0.315059352561468,0.684940647438532,9.790115959817824,796.0,62.0,30.0,0.9277389277389276,0.9636803874092008,0.9453681710213776,1.610593220338983,False,False,True,False,826.0,single_run,revision_eval,independent_slots,"Shared (t,sensor) drop mask; cost counted on attempts"
packet_loss,val,final,semantic_expert,frozen_expert_thresholds,deterministic,,0.2,,206815.0,61693.0,49344.0,0.2983004134129536,0.7016995865870463,8.039677146903239,802.0,35.0,24.0,0.9581839904420548,0.9709443099273608,0.9645219482862296,1.92099595708288,True,False,True,False,826.0,single_run,revision_eval,independent_slots,"Shared (t,sensor) drop mask; cost counted on attempts"
packet_loss,val,final,cmappo_kl,tau=0.5,42,C:\Users\test\Desktop\CAMPUS-SenseRL\results\rl_final\cmappo_kl\seed_42\best_model.pt,0.2,,206815.0,51971.0,41436.0,0.2512922176824698,0.7487077823175301,9.450111561927452,799.0,38.0,27.0,0.954599761051374,0.9673123486682808,0.9609140108238124,2.1738881977919453,False,False,True,False,826.0,single_run,revision_eval,independent_slots,"Shared slot mask; eval seed 42 for mask fairness, checkpoint identity in run="
packet_loss,val,final,cmappo_kl,tau=0.5,123,C:\Users\test\Desktop\CAMPUS-SenseRL\results\rl_final\cmappo_kl\seed_123\best_model.pt,0.2,,206815.0,55672.0,44381.0,0.2691874380484974,0.7308125619515026,9.112193260031766,800.0,35.0,26.0,0.9580838323353292,0.9685230024213076,0.963275135460566,2.010904213963614,False,False,True,False,826.0,single_run,revision_eval,independent_slots,"Shared slot mask; eval seed 42 for mask fairness, checkpoint identity in run="
packet_loss,val,final,cmappo_kl,tau=0.5,2024,C:\Users\test\Desktop\CAMPUS-SenseRL\results\rl_final\cmappo_kl\seed_2024\best_model.pt,0.2,,206815.0,52252.0,41732.0,0.2526509199042622,0.7473490800957378,9.298952648061883,799.0,37.0,27.0,0.9557416267942584,0.9673123486682808,0.9614921780986764,2.1762789612812936,False,False,True,False,826.0,single_run,revision_eval,independent_slots,"Shared slot mask; eval seed 42 for mask fairness, checkpoint identity in run="
packet_loss,val,final,cmappo_kl,tau=0.5,3407,C:\Users\test\Desktop\CAMPUS-SenseRL\results\rl_final\cmappo_kl\seed_3407\best_model.pt,0.2,,206815.0,54487.0,43455.0,0.2634576795686966,0.7365423204313033,9.244925318315378,800.0,36.0,26.0,0.9569377990430622,0.9685230024213076,0.9626955475330928,2.0618138703156585,False,False,True,False,826.0,single_run,revision_eval,independent_slots,"Shared slot mask; eval seed 42 for mask fairness, checkpoint identity in run="
packet_loss,val,final,cmappo_kl,tau=0.5,9999,C:\Users\test\Desktop\CAMPUS-SenseRL\results\rl_final\cmappo_kl\seed_9999\best_model.pt,0.2,,206815.0,55002.0,43875.0,0.2659478277687788,0.7340521722312212,9.25989321222536,799.0,36.0,27.0,0.9568862275449102,0.9673123486682808,0.9620710415412402,2.0206694137770174,False,False,True,False,826.0,single_run,revision_eval,independent_slots,"Shared slot mask; eval seed 42 for mask fairness, checkpoint identity in run="
packet_loss,val,final,fixed_60,interval_steps=4 (60 min),deterministic,,0.4,,206815.0,51149.0,30517.0,0.2473176510407852,0.7526823489592147,14.381870469318994,694.0,157.0,132.0,0.8155111633372503,0.8401937046004843,0.8276684555754322,4.6400909656352045,False,False,False,False,826.0,single_run,revision_eval,independent_slots,"Shared (t,sensor) drop mask; cost counted on attempts"
packet_loss,val,final,fixed_75,interval_steps=5 (75 min),deterministic,,0.4,,206815.0,41325.0,24729.0,0.1998162609095085,0.8001837390904916,14.855315620091606,655.0,165.0,171.0,0.7987804878048781,0.7929782082324455,0.795868772782503,5.717812159850723,False,False,False,False,826.0,single_run,revision_eval,independent_slots,"Shared (t,sensor) drop mask; cost counted on attempts"
packet_loss,val,final,delta_plus_heartbeat,"delta_ppm=25,heartbeat=3",deterministic,,0.4,,206815.0,78030.0,46639.0,0.3772937166066291,0.6227062833933709,10.542528218959143,769.0,91.0,57.0,0.8941860465116279,0.9309927360774818,0.9122182680901544,1.913384388120044,False,False,True,False,826.0,single_run,revision_eval,independent_slots,"Shared (t,sensor) drop mask; cost counted on attempts"
packet_loss,val,final,semantic_expert,frozen_expert_thresholds,deterministic,,0.4,,206815.0,72892.0,43788.0,0.3524502574764886,0.6475497425235113,9.06448011679047,775.0,66.0,51.0,0.9215219976218788,0.9382566585956416,0.9298140371925616,2.22084823511118,False,False,True,False,826.0,single_run,revision_eval,independent_slots,"Shared (t,sensor) drop mask; cost counted on attempts"
packet_loss,val,final,cmappo_kl,tau=0.5,42,C:\Users\test\Desktop\CAMPUS-SenseRL\results\rl_final\cmappo_kl\seed_42\best_model.pt,0.4,,206815.0,63414.0,37873.0,0.3066218601165292,0.6933781398834707,10.11209172378686,773.0,71.0,53.0,0.9158767772511848,0.9358353510895884,0.925748502994012,2.455640646866739,False,False,True,False,826.0,single_run,revision_eval,independent_slots,"Shared slot mask; eval seed 42 for mask fairness, checkpoint identity in run="
packet_loss,val,final,cmappo_kl,tau=0.5,123,C:\Users\test\Desktop\CAMPUS-SenseRL\results\rl_final\cmappo_kl\seed_123\best_model.pt,0.4,,206815.0,67410.0,40287.0,0.3259434760534777,0.6740565239465223,9.828845599538816,774.0,63.0,52.0,0.9247311827956988,0.937046004842615,0.930847865303668,2.297002798942622,False,False,True,False,826.0,single_run,revision_eval,independent_slots,"Shared slot mask; eval seed 42 for mask fairness, checkpoint identity in run="
packet_loss,val,final,cmappo_kl,tau=0.5,2024,C:\Users\test\Desktop\CAMPUS-SenseRL\results\rl_final\cmappo_kl\seed_2024\best_model.pt,0.4,,206815.0,63858.0,38044.0,0.3087687063317457,0.6912312936682543,9.98494409584585,773.0,66.0,53.0,0.9213349225268176,0.9358353510895884,0.9285285285285284,2.465868449696781,False,False,True,False,826.0,single_run,revision_eval,independent_slots,"Shared slot mask; eval seed 42 for mask fairness, checkpoint identity in run="
packet_loss,val,final,cmappo_kl,tau=0.5,3407,C:\Users\test\Desktop\CAMPUS-SenseRL\results\rl_final\cmappo_kl\seed_3407\best_model.pt,0.4,,206815.0,66233.0,39508.0,0.3202523994874646,0.6797476005125354,9.913022168827366,774.0,63.0,52.0,0.9247311827956988,0.937046004842615,0.930847865303668,2.351131239309594,False,False,True,False,826.0,single_run,revision_eval,independent_slots,"Shared slot mask; eval seed 42 for mask fairness, checkpoint identity in run="
packet_loss,val,final,cmappo_kl,tau=0.5,9999,C:\Users\test\Desktop\CAMPUS-SenseRL\results\rl_final\cmappo_kl\seed_9999\best_model.pt,0.4,,206815.0,66793.0,39925.0,0.3229601334526025,0.6770398665473975,9.946593564623404,773.0,66.0,53.0,0.9213349225268176,0.9358353510895884,0.9285285285285284,2.3065580780594,False,False,True,False,826.0,single_run,revision_eval,independent_slots,"Shared slot mask; eval seed 42 for mask fairness, checkpoint identity in run="
matched_budget,val,final,campus_senserl_bc,interpolated_target=75.0%,mean_of_5,legacy_matched_budget_summary,0.0,0.75,,,,0.25,0.75,7.967005896143648,,,,0.9943902547280532,0.9975731144651776,,1.7003882416075846,True,True,True,True,,mean_of_n,legacy_frozen_summary,none,VAL threshold interpolation from frozen scientific_validation CSV. Not test-tuned.
matched_budget,val,final,campus_senserl_bc,interpolated_target=78.0%,mean_of_5,legacy_matched_budget_summary,0.0,0.78,,,,0.2199999999999999,0.78,8.923299430437106,,,,0.9772144929373888,0.9932065187162592,,1.91769511818242,True,True,True,True,,mean_of_n,legacy_frozen_summary,none,VAL threshold interpolation from frozen scientific_validation CSV. Not test-tuned.
matched_budget,val,final,campus_senserl_bc,interpolated_target=80.0%,mean_of_5,legacy_matched_budget_summary,0.0,0.8,,,,0.1999999999999999,0.8,9.254888475769937,,,,0.9684580211701737,0.9927110031177608,,2.1553599396977026,False,True,True,False,,mean_of_n,legacy_frozen_summary,none,VAL threshold interpolation from frozen scientific_validation CSV. Not test-tuned.
matched_budget,val,final,cmappo_kl,interpolated_target=75.0%,mean_of_5,legacy_matched_budget_summary,0.0,0.75,,,,0.25,0.75,7.93555981437548,,,,0.9950750775883968,0.9979398867451732,,1.7190465962831518,True,True,True,True,,mean_of_n,legacy_frozen_summary,none,VAL threshold interpolation from frozen scientific_validation CSV. Not test-tuned.
matched_budget,val,final,cmappo_kl,interpolated_target=78.0%,mean_of_5,legacy_matched_budget_summary,0.0,0.78,,,,0.2199999999999999,0.78,8.786740874606503,,,,0.98330904441825,0.9938762223438092,,1.9468158583103992,True,True,True,True,,mean_of_n,legacy_frozen_summary,none,VAL threshold interpolation from frozen scientific_validation CSV. Not test-tuned.
matched_budget,val,final,cmappo_kl,interpolated_target=80.0%,mean_of_5,legacy_matched_budget_summary,0.0,0.8,,,,0.1999999999999999,0.8,9.174269668358622,,,,0.973186549911374,0.993060709639934,,2.176205748179893,False,True,True,False,,mean_of_n,legacy_frozen_summary,none,VAL threshold interpolation from frozen scientific_validation CSV. Not test-tuned.
