metric,scenario,method,previous_value,rerun_value,absolute_difference,tolerance,match
transmission_reduction_mean,validation,fixed_15,0.0,0.0,0.0,1e-08,True
mae_mean,validation,fixed_15,,,0.0,1e-06,True
recall_mean,validation,fixed_15,1.0,1.0,0.0,1e-08,True
precision_mean,validation,fixed_15,1.0,1.0,0.0,1e-08,True
f1_mean,validation,fixed_15,1.0,1.0,0.0,1e-08,True
aoi_raw_mean,validation,fixed_15,0.0010884776862074,0.0010884776862074,0.0,1e-06,True
n_true_events_mean,validation,fixed_15,826.0,826.0,0.0,1e-06,True
event_tp_mean,validation,fixed_15,826.0,826.0,0.0,1e-06,True
event_fn_mean,validation,fixed_15,0.0,0.0,0.0,1e-06,True
event_fp_mean,validation,fixed_15,0.0,0.0,0.0,1e-06,True
all_constraints_satisfied_kn,validation,fixed_15,,,0.0,0.0,True
mae_pass_count,validation,fixed_15,0,0,0.0,0.0,True
event_pass_count,validation,fixed_15,1,1,0.0,0.0,True
aoi_pass_count,validation,fixed_15,1,1,0.0,0.0,True
all_constraints_pass_count,validation,fixed_15,0,0,0.0,0.0,True
n_runs,validation,fixed_15,1,1,0.0,0.0,True
result_source,validation,fixed_15,new_evaluation,new_evaluation,0.0,0.0,True
transmission_reduction_mean,validation,fixed_30,0.499533399414936,0.499533399414936,0.0,1e-08,True
mae_mean,validation,fixed_30,9.659978124304285,9.659978124304285,0.0,1e-06,True
recall_mean,validation,fixed_30,0.9309927360774818,0.9309927360774818,0.0,1e-08,True
precision_mean,validation,fixed_30,0.9025821596244132,0.9025821596244132,0.0,1e-08,True
f1_mean,validation,fixed_30,0.9165673420738976,0.9165673420738976,0.0,1e-08,True
aoi_raw_mean,validation,fixed_30,0.6013878090499145,0.6013878090499145,0.0,1e-06,True
n_true_events_mean,validation,fixed_30,826.0,826.0,0.0,1e-06,True
event_tp_mean,validation,fixed_30,769.0,769.0,0.0,1e-06,True
event_fn_mean,validation,fixed_30,57.0,57.0,0.0,1e-06,True
event_fp_mean,validation,fixed_30,83.0,83.0,0.0,1e-06,True
all_constraints_satisfied_kn,validation,fixed_30,0/1,0/1,0.0,0.0,True
mae_pass_count,validation,fixed_30,0,0,0.0,0.0,True
event_pass_count,validation,fixed_30,0,0,0.0,0.0,True
aoi_pass_count,validation,fixed_30,1,1,0.0,0.0,True
all_constraints_pass_count,validation,fixed_30,0,0,0.0,0.0,True
n_runs,validation,fixed_30,1,1,0.0,0.0,True
result_source,validation,fixed_30,new_evaluation,new_evaluation,0.0,0.0,True
transmission_reduction_mean,validation,fixed_45,0.6669342165703649,0.6669342165703649,0.0,1e-08,True
mae_mean,validation,fixed_45,10.474124931125482,10.474124931125482,0.0,1e-06,True
recall_mean,validation,fixed_45,0.9055690072639224,0.9055690072639224,0.0,1e-08,True
precision_mean,validation,fixed_45,0.8577981651376146,0.8577981651376146,0.0,1e-08,True
f1_mean,validation,fixed_45,0.8810365135453475,0.8810365135453475,0.0,1e-08,True
aoi_raw_mean,validation,fixed_45,1.201675478152698,1.201675478152698,0.0,1e-06,True
n_true_events_mean,validation,fixed_45,826.0,826.0,0.0,1e-06,True
event_tp_mean,validation,fixed_45,748.0,748.0,0.0,1e-06,True
event_fn_mean,validation,fixed_45,78.0,78.0,0.0,1e-06,True
event_fp_mean,validation,fixed_45,124.0,124.0,0.0,1e-06,True
all_constraints_satisfied_kn,validation,fixed_45,0/1,0/1,0.0,0.0,True
mae_pass_count,validation,fixed_45,0,0,0.0,0.0,True
event_pass_count,validation,fixed_45,0,0,0.0,0.0,True
aoi_pass_count,validation,fixed_45,1,1,0.0,0.0,True
all_constraints_pass_count,validation,fixed_45,0,0,0.0,0.0,True
n_runs,validation,fixed_45,1,1,0.0,0.0,True
result_source,validation,fixed_45,new_evaluation,new_evaluation,0.0,0.0,True
transmission_reduction_mean,validation,fixed_60,0.7526823489592147,0.7526823489592147,0.0,1e-08,True
mae_mean,validation,fixed_60,11.335269101794868,11.335269101794868,0.0,1e-06,True
recall_mean,validation,fixed_60,0.887409200968523,0.887409200968523,0.0,1e-08,True
precision_mean,validation,fixed_60,0.8563084112149533,0.8563084112149533,0.0,1e-08,True
f1_mean,validation,fixed_60,0.8715814506539834,0.8715814506539834,0.0,1e-08,True
aoi_raw_mean,validation,fixed_60,1.88528611413466,1.88528611413466,0.0,1e-06,True
n_true_events_mean,validation,fixed_60,826.0,826.0,0.0,1e-06,True
event_tp_mean,validation,fixed_60,733.0,733.0,0.0,1e-06,True
event_fn_mean,validation,fixed_60,93.0,93.0,0.0,1e-06,True
event_fp_mean,validation,fixed_60,123.0,123.0,0.0,1e-06,True
all_constraints_satisfied_kn,validation,fixed_60,0/1,0/1,0.0,0.0,True
mae_pass_count,validation,fixed_60,0,0,0.0,0.0,True
event_pass_count,validation,fixed_60,0,0,0.0,0.0,True
aoi_pass_count,validation,fixed_60,1,1,0.0,0.0,True
all_constraints_pass_count,validation,fixed_60,0,0,0.0,0.0,True
n_runs,validation,fixed_60,1,1,0.0,0.0,True
result_source,validation,fixed_60,new_evaluation,new_evaluation,0.0,0.0,True
transmission_reduction_mean,validation,fixed_75,0.8001837390904916,0.8001837390904916,0.0,1e-08,True
mae_mean,validation,fixed_75,11.755109070034443,11.755109070034443,0.0,1e-06,True
recall_mean,validation,fixed_75,0.8849878934624698,0.8849878934624698,0.0,1e-08,True
precision_mean,validation,fixed_75,0.8431372549019608,0.8431372549019608,0.0,1e-08,True
f1_mean,validation,fixed_75,0.8635558180744242,0.8635558180744242,0.0,1e-08,True
aoi_raw_mean,validation,fixed_75,2.3895933758357955,2.3895933758357955,0.0,1e-06,True
n_true_events_mean,validation,fixed_75,826.0,826.0,0.0,1e-06,True
event_tp_mean,validation,fixed_75,731.0,731.0,0.0,1e-06,True
event_fn_mean,validation,fixed_75,95.0,95.0,0.0,1e-06,True
event_fp_mean,validation,fixed_75,136.0,136.0,0.0,1e-06,True
all_constraints_satisfied_kn,validation,fixed_75,0/1,0/1,0.0,0.0,True
mae_pass_count,validation,fixed_75,0,0,0.0,0.0,True
event_pass_count,validation,fixed_75,0,0,0.0,0.0,True
aoi_pass_count,validation,fixed_75,1,1,0.0,0.0,True
all_constraints_pass_count,validation,fixed_75,0,0,0.0,0.0,True
n_runs,validation,fixed_75,1,1,0.0,0.0,True
result_source,validation,fixed_75,new_evaluation,new_evaluation,0.0,0.0,True
transmission_reduction_mean,validation,fixed_90,0.8335759011677103,0.8335759011677103,0.0,1e-08,True
mae_mean,validation,fixed_90,12.517337989280492,12.517337989280492,0.0,1e-06,True
recall_mean,validation,fixed_90,0.860774818401937,0.860774818401937,0.0,1e-08,True
precision_mean,validation,fixed_90,0.8315789473684211,0.8315789473684211,0.0,1e-08,True
f1_mean,validation,fixed_90,0.8459250446162999,0.8459250446162999,0.0,1e-08,True
aoi_raw_mean,validation,fixed_90,3.0066319390452496,3.0066319390452496,0.0,1e-06,True
n_true_events_mean,validation,fixed_90,826.0,826.0,0.0,1e-06,True
event_tp_mean,validation,fixed_90,711.0,711.0,0.0,1e-06,True
event_fn_mean,validation,fixed_90,115.0,115.0,0.0,1e-06,True
event_fp_mean,validation,fixed_90,144.0,144.0,0.0,1e-06,True
all_constraints_satisfied_kn,validation,fixed_90,0/1,0/1,0.0,0.0,True
mae_pass_count,validation,fixed_90,0,0,0.0,0.0,True
event_pass_count,validation,fixed_90,0,0,0.0,0.0,True
aoi_pass_count,validation,fixed_90,1,1,0.0,0.0,True
all_constraints_pass_count,validation,fixed_90,0,0,0.0,0.0,True
n_runs,validation,fixed_90,1,1,0.0,0.0,True
result_source,validation,fixed_90,new_evaluation,new_evaluation,0.0,0.0,True
transmission_reduction_mean,validation,delta_plus_heartbeat,0.7282692261199624,0.7282692261199624,0.0,1e-08,True
mae_mean,validation,delta_plus_heartbeat,9.224011897727348,9.224011897727348,0.0,1e-06,True
recall_mean,validation,delta_plus_heartbeat,0.9903147699757868,0.9903147699757868,0.0,1e-08,True
precision_mean,validation,delta_plus_heartbeat,0.9500580720092916,0.9500580720092916,0.0,1e-08,True
f1_mean,validation,delta_plus_heartbeat,0.9697688203912268,0.9697688203912268,0.0,1e-08,True
aoi_raw_mean,validation,delta_plus_heartbeat,1.4430765044316591,1.4430765044316591,0.0,1e-06,True
n_true_events_mean,validation,delta_plus_heartbeat,826.0,826.0,0.0,1e-06,True
event_tp_mean,validation,delta_plus_heartbeat,818.0,818.0,0.0,1e-06,True
event_fn_mean,validation,delta_plus_heartbeat,8.0,8.0,0.0,1e-06,True
event_fp_mean,validation,delta_plus_heartbeat,43.0,43.0,0.0,1e-06,True
all_constraints_satisfied_kn,validation,delta_plus_heartbeat,0/1,0/1,0.0,0.0,True
mae_pass_count,validation,delta_plus_heartbeat,0,0,0.0,0.0,True
event_pass_count,validation,delta_plus_heartbeat,1,1,0.0,0.0,True
aoi_pass_count,validation,delta_plus_heartbeat,1,1,0.0,0.0,True
all_constraints_pass_count,validation,delta_plus_heartbeat,0,0,0.0,0.0,True
n_runs,validation,delta_plus_heartbeat,1,1,0.0,0.0,True
result_source,validation,delta_plus_heartbeat,new_evaluation,new_evaluation,0.0,0.0,True
transmission_reduction_mean,validation,semantic_expert,0.7389260933684694,0.7389260933684694,0.0,1e-08,True
mae_mean,validation,semantic_expert,7.218922792024657,7.218922792024657,0.0,1e-06,True
recall_mean,validation,semantic_expert,0.9987893462469734,0.9987893462469734,0.0,1e-08,True
precision_mean,validation,semantic_expert,0.9880239520958084,0.9880239520958084,0.0,1e-08,True
f1_mean,validation,semantic_expert,0.9933774834437086,0.9933774834437086,0.0,1e-08,True
aoi_raw_mean,validation,semantic_expert,1.748631628051625,1.748631628051625,0.0,1e-06,True
n_true_events_mean,validation,semantic_expert,826.0,826.0,0.0,1e-06,True
event_tp_mean,validation,semantic_expert,825.0,825.0,0.0,1e-06,True
event_fn_mean,validation,semantic_expert,1.0,1.0,0.0,1e-06,True
event_fp_mean,validation,semantic_expert,10.0,10.0,0.0,1e-06,True
all_constraints_satisfied_kn,validation,semantic_expert,1/1,1/1,0.0,0.0,True
mae_pass_count,validation,semantic_expert,1,1,0.0,0.0,True
event_pass_count,validation,semantic_expert,1,1,0.0,0.0,True
aoi_pass_count,validation,semantic_expert,1,1,0.0,0.0,True
all_constraints_pass_count,validation,semantic_expert,1,1,0.0,0.0,True
n_runs,validation,semantic_expert,1,1,0.0,0.0,True
result_source,validation,semantic_expert,new_evaluation,new_evaluation,0.0,0.0,True
transmission_reduction_mean,validation,campus_senserl_bc,0.7975881826753378,0.7975881826753378,0.0,1e-08,True
mae_mean,validation,campus_senserl_bc,9.204679195085538,9.204679195085538,0.0,1e-06,True
recall_mean,validation,campus_senserl_bc,0.9929782082324456,0.9929782082324456,0.0,1e-08,True
precision_mean,validation,campus_senserl_bc,0.970192326752546,0.970192326752546,0.0,1e-08,True
f1_mean,validation,campus_senserl_bc,0.9814528134079998,0.9814528134079998,0.0,1e-08,True
aoi_raw_mean,validation,campus_senserl_bc,2.125630539573939,2.125630539573939,0.0,1e-06,True
n_true_events_mean,validation,campus_senserl_bc,,,0.0,1e-06,True
event_tp_mean,validation,campus_senserl_bc,,,0.0,1e-06,True
event_fn_mean,validation,campus_senserl_bc,,,0.0,1e-06,True
event_fp_mean,validation,campus_senserl_bc,,,0.0,1e-06,True
all_constraints_satisfied_kn,validation,campus_senserl_bc,0/1,0/1,0.0,0.0,True
mae_pass_count,validation,campus_senserl_bc,0,0,0.0,0.0,True
event_pass_count,validation,campus_senserl_bc,1,1,0.0,0.0,True
aoi_pass_count,validation,campus_senserl_bc,1,1,0.0,0.0,True
all_constraints_pass_count,validation,campus_senserl_bc,0,0,0.0,0.0,True
n_runs,validation,campus_senserl_bc,1,1,0.0,0.0,True
result_source,validation,campus_senserl_bc,legacy_frozen,legacy_frozen,0.0,0.0,True
transmission_reduction_mean,validation,cmappo_kl,0.7779019897009405,0.7779019897009405,0.0,1e-08,True
mae_mean,validation,cmappo_kl,8.742403611902981,8.742403611902981,0.0,1e-06,True
recall_mean,validation,cmappo_kl,0.9944309927360774,0.9944309927360774,0.0,1e-08,True
precision_mean,validation,cmappo_kl,0.9849194370427232,0.9849194370427232,0.0,1e-08,True
f1_mean,validation,cmappo_kl,0.9896465943715732,0.9896465943715732,0.0,1e-08,True
aoi_raw_mean,validation,cmappo_kl,1.927891463225004,1.927891463225004,0.0,1e-06,True
n_true_events_mean,validation,cmappo_kl,826.0,826.0,0.0,1e-06,True
event_tp_mean,validation,cmappo_kl,821.4,821.4,0.0,1e-06,True
event_fn_mean,validation,cmappo_kl,4.6,4.6,0.0,1e-06,True
event_fp_mean,validation,cmappo_kl,12.6,12.6,0.0,1e-06,True
all_constraints_satisfied_kn,validation,cmappo_kl,5/5,5/5,0.0,0.0,True
mae_pass_count,validation,cmappo_kl,5,5,0.0,0.0,True
event_pass_count,validation,cmappo_kl,5,5,0.0,0.0,True
aoi_pass_count,validation,cmappo_kl,5,5,0.0,0.0,True
all_constraints_pass_count,validation,cmappo_kl,5,5,0.0,0.0,True
n_runs,validation,cmappo_kl,5,5,0.0,0.0,True
result_source,validation,cmappo_kl,new_evaluation,new_evaluation,0.0,0.0,True
transmission_reduction_mean,frozen_temporal_test,fixed_15,0.0,0.0,0.0,1e-08,True
mae_mean,frozen_temporal_test,fixed_15,,,0.0,1e-06,True
recall_mean,frozen_temporal_test,fixed_15,1.0,1.0,0.0,1e-08,True
precision_mean,frozen_temporal_test,fixed_15,1.0,1.0,0.0,1e-08,True
f1_mean,frozen_temporal_test,fixed_15,1.0,1.0,0.0,1e-08,True
aoi_raw_mean,frozen_temporal_test,fixed_15,0.0001554968123153,0.0001554968123153,0.0,1e-06,True
n_true_events_mean,frozen_temporal_test,fixed_15,102.0,102.0,0.0,1e-06,True
event_tp_mean,frozen_temporal_test,fixed_15,102.0,102.0,0.0,1e-06,True
event_fn_mean,frozen_temporal_test,fixed_15,0.0,0.0,0.0,1e-06,True
event_fp_mean,frozen_temporal_test,fixed_15,0.0,0.0,0.0,1e-06,True
all_constraints_satisfied_kn,frozen_temporal_test,fixed_15,,,0.0,0.0,True
mae_pass_count,frozen_temporal_test,fixed_15,0,0,0.0,0.0,True
event_pass_count,frozen_temporal_test,fixed_15,1,1,0.0,0.0,True
aoi_pass_count,frozen_temporal_test,fixed_15,1,1,0.0,0.0,True
all_constraints_pass_count,frozen_temporal_test,fixed_15,0,0,0.0,0.0,True
n_runs,frozen_temporal_test,fixed_15,1,1,0.0,0.0,True
result_source,frozen_temporal_test,fixed_15,new_evaluation,new_evaluation,0.0,0.0,True
transmission_reduction_mean,frozen_temporal_test,fixed_30,0.499064970390729,0.499064970390729,0.0,1e-08,True
mae_mean,frozen_temporal_test,fixed_30,9.36349012594506,9.36349012594506,0.0,1e-06,True
recall_mean,frozen_temporal_test,fixed_30,0.4411764705882353,0.4411764705882353,0.0,1e-08,True
precision_mean,frozen_temporal_test,fixed_30,0.371900826446281,0.371900826446281,0.0,1e-08,True
f1_mean,frozen_temporal_test,fixed_30,0.4035874439461883,0.4035874439461883,0.0,1e-08,True
aoi_raw_mean,frozen_temporal_test,fixed_30,0.530146944487638,0.530146944487638,0.0,1e-06,True
n_true_events_mean,frozen_temporal_test,fixed_30,102.0,102.0,0.0,1e-06,True
event_tp_mean,frozen_temporal_test,fixed_30,45.0,45.0,0.0,1e-06,True
event_fn_mean,frozen_temporal_test,fixed_30,57.0,57.0,0.0,1e-06,True
event_fp_mean,frozen_temporal_test,fixed_30,76.0,76.0,0.0,1e-06,True
all_constraints_satisfied_kn,frozen_temporal_test,fixed_30,0/1,0/1,0.0,0.0,True
mae_pass_count,frozen_temporal_test,fixed_30,0,0,0.0,0.0,True
event_pass_count,frozen_temporal_test,fixed_30,0,0,0.0,0.0,True
aoi_pass_count,frozen_temporal_test,fixed_30,1,1,0.0,0.0,True
all_constraints_pass_count,frozen_temporal_test,fixed_30,0,0,0.0,0.0,True
n_runs,frozen_temporal_test,fixed_30,1,1,0.0,0.0,True
result_source,frozen_temporal_test,fixed_30,new_evaluation,new_evaluation,0.0,0.0,True
transmission_reduction_mean,frozen_temporal_test,fixed_45,0.6664399928219948,0.6664399928219948,0.0,1e-08,True
mae_mean,frozen_temporal_test,fixed_45,9.9274609563221,9.9274609563221,0.0,1e-06,True
recall_mean,frozen_temporal_test,fixed_45,0.3529411764705882,0.3529411764705882,0.0,1e-08,True
precision_mean,frozen_temporal_test,fixed_45,0.2666666666666666,0.2666666666666666,0.0,1e-08,True
f1_mean,frozen_temporal_test,fixed_45,0.3037974683544304,0.3037974683544304,0.0,1e-08,True
aoi_raw_mean,frozen_temporal_test,fixed_45,1.1252837816824754,1.1252837816824754,0.0,1e-06,True
n_true_events_mean,frozen_temporal_test,fixed_45,102.0,102.0,0.0,1e-06,True
event_tp_mean,frozen_temporal_test,fixed_45,36.0,36.0,0.0,1e-06,True
event_fn_mean,frozen_temporal_test,fixed_45,66.0,66.0,0.0,1e-06,True
event_fp_mean,frozen_temporal_test,fixed_45,99.0,99.0,0.0,1e-06,True
all_constraints_satisfied_kn,frozen_temporal_test,fixed_45,0/1,0/1,0.0,0.0,True
mae_pass_count,frozen_temporal_test,fixed_45,0,0,0.0,0.0,True
event_pass_count,frozen_temporal_test,fixed_45,0,0,0.0,0.0,True
aoi_pass_count,frozen_temporal_test,fixed_45,1,1,0.0,0.0,True
all_constraints_pass_count,frozen_temporal_test,fixed_45,0,0,0.0,0.0,True
n_runs,frozen_temporal_test,fixed_45,1,1,0.0,0.0,True
result_source,frozen_temporal_test,fixed_45,new_evaluation,new_evaluation,0.0,0.0,True
transmission_reduction_mean,frozen_temporal_test,fixed_60,0.7513860161127325,0.7513860161127325,0.0,1e-08,True
mae_mean,frozen_temporal_test,fixed_60,10.550982955402484,10.550982955402484,0.0,1e-06,True
recall_mean,frozen_temporal_test,fixed_60,0.2647058823529412,0.2647058823529412,0.0,1e-08,True
precision_mean,frozen_temporal_test,fixed_60,0.3,0.3,0.0,1e-08,True
f1_mean,frozen_temporal_test,fixed_60,0.28125,0.28125,0.0,1e-08,True
aoi_raw_mean,frozen_temporal_test,fixed_60,1.7559633027522936,1.7559633027522936,0.0,1e-06,True
n_true_events_mean,frozen_temporal_test,fixed_60,102.0,102.0,0.0,1e-06,True
event_tp_mean,frozen_temporal_test,fixed_60,27.0,27.0,0.0,1e-06,True
event_fn_mean,frozen_temporal_test,fixed_60,75.0,75.0,0.0,1e-06,True
event_fp_mean,frozen_temporal_test,fixed_60,63.0,63.0,0.0,1e-06,True
all_constraints_satisfied_kn,frozen_temporal_test,fixed_60,0/1,0/1,0.0,0.0,True
mae_pass_count,frozen_temporal_test,fixed_60,0,0,0.0,0.0,True
event_pass_count,frozen_temporal_test,fixed_60,0,0,0.0,0.0,True
aoi_pass_count,frozen_temporal_test,fixed_60,1,1,0.0,0.0,True
all_constraints_pass_count,frozen_temporal_test,fixed_60,0,0,0.0,0.0,True
n_runs,frozen_temporal_test,fixed_60,1,1,0.0,0.0,True
result_source,frozen_temporal_test,fixed_60,new_evaluation,new_evaluation,0.0,0.0,True
transmission_reduction_mean,frozen_temporal_test,fixed_75,0.7999792215642384,0.7999792215642384,0.0,1e-08,True
mae_mean,frozen_temporal_test,fixed_75,10.849440974722848,10.849440974722848,0.0,1e-06,True
recall_mean,frozen_temporal_test,fixed_75,0.2549019607843137,0.2549019607843137,0.0,1e-08,True
precision_mean,frozen_temporal_test,fixed_75,0.2653061224489796,0.2653061224489796,0.0,1e-08,True
f1_mean,frozen_temporal_test,fixed_75,0.2599999999999999,0.2599999999999999,0.0,1e-08,True
aoi_raw_mean,frozen_temporal_test,fixed_75,2.162770175711398,2.162770175711398,0.0,1e-06,True
n_true_events_mean,frozen_temporal_test,fixed_75,102.0,102.0,0.0,1e-06,True
event_tp_mean,frozen_temporal_test,fixed_75,26.0,26.0,0.0,1e-06,True
event_fn_mean,frozen_temporal_test,fixed_75,76.0,76.0,0.0,1e-06,True
event_fp_mean,frozen_temporal_test,fixed_75,72.0,72.0,0.0,1e-06,True
all_constraints_satisfied_kn,frozen_temporal_test,fixed_75,0/1,0/1,0.0,0.0,True
mae_pass_count,frozen_temporal_test,fixed_75,0,0,0.0,0.0,True
event_pass_count,frozen_temporal_test,fixed_75,0,0,0.0,0.0,True
aoi_pass_count,frozen_temporal_test,fixed_75,1,1,0.0,0.0,True
all_constraints_pass_count,frozen_temporal_test,fixed_75,0,0,0.0,0.0,True
n_runs,frozen_temporal_test,fixed_75,1,1,0.0,0.0,True
result_source,frozen_temporal_test,fixed_75,new_evaluation,new_evaluation,0.0,0.0,True
transmission_reduction_mean,frozen_temporal_test,fixed_90,0.832662756542846,0.832662756542846,0.0,1e-08,True
mae_mean,frozen_temporal_test,fixed_90,11.338452725963148,11.338452725963148,0.0,1e-06,True
recall_mean,frozen_temporal_test,fixed_90,0.1176470588235294,0.1176470588235294,0.0,1e-08,True
precision_mean,frozen_temporal_test,fixed_90,0.116504854368932,0.116504854368932,0.0,1e-08,True
f1_mean,frozen_temporal_test,fixed_90,0.1170731707317073,0.1170731707317073,0.0,1e-08,True
aoi_raw_mean,frozen_temporal_test,fixed_90,2.665234800186596,2.665234800186596,0.0,1e-06,True
n_true_events_mean,frozen_temporal_test,fixed_90,102.0,102.0,0.0,1e-06,True
event_tp_mean,frozen_temporal_test,fixed_90,12.0,12.0,0.0,1e-06,True
event_fn_mean,frozen_temporal_test,fixed_90,90.0,90.0,0.0,1e-06,True
event_fp_mean,frozen_temporal_test,fixed_90,91.0,91.0,0.0,1e-06,True
all_constraints_satisfied_kn,frozen_temporal_test,fixed_90,0/1,0/1,0.0,0.0,True
mae_pass_count,frozen_temporal_test,fixed_90,0,0,0.0,0.0,True
event_pass_count,frozen_temporal_test,fixed_90,0,0,0.0,0.0,True
aoi_pass_count,frozen_temporal_test,fixed_90,1,1,0.0,0.0,True
all_constraints_pass_count,frozen_temporal_test,fixed_90,0,0,0.0,0.0,True
n_runs,frozen_temporal_test,fixed_90,1,1,0.0,0.0,True
result_source,frozen_temporal_test,fixed_90,new_evaluation,new_evaluation,0.0,0.0,True
transmission_reduction_mean,frozen_temporal_test,delta_plus_heartbeat,0.7279630521633185,0.7279630521633185,0.0,1e-08,True
mae_mean,frozen_temporal_test,delta_plus_heartbeat,8.790012455238985,8.790012455238985,0.0,1e-06,True
recall_mean,frozen_temporal_test,delta_plus_heartbeat,0.9607843137254902,0.9607843137254902,0.0,1e-08,True
precision_mean,frozen_temporal_test,delta_plus_heartbeat,0.8099173553719008,0.8099173553719008,0.0,1e-08,True
f1_mean,frozen_temporal_test,delta_plus_heartbeat,0.8789237668161435,0.8789237668161435,0.0,1e-08,True
aoi_raw_mean,frozen_temporal_test,delta_plus_heartbeat,1.4026162338672057,1.4026162338672057,0.0,1e-06,True
n_true_events_mean,frozen_temporal_test,delta_plus_heartbeat,102.0,102.0,0.0,1e-06,True
event_tp_mean,frozen_temporal_test,delta_plus_heartbeat,98.0,98.0,0.0,1e-06,True
event_fn_mean,frozen_temporal_test,delta_plus_heartbeat,4.0,4.0,0.0,1e-06,True
event_fp_mean,frozen_temporal_test,delta_plus_heartbeat,23.0,23.0,0.0,1e-06,True
all_constraints_satisfied_kn,frozen_temporal_test,delta_plus_heartbeat,0/1,0/1,0.0,0.0,True
mae_pass_count,frozen_temporal_test,delta_plus_heartbeat,1,1,0.0,0.0,True
event_pass_count,frozen_temporal_test,delta_plus_heartbeat,0,0,0.0,0.0,True
aoi_pass_count,frozen_temporal_test,delta_plus_heartbeat,1,1,0.0,0.0,True
all_constraints_pass_count,frozen_temporal_test,delta_plus_heartbeat,0,0,0.0,0.0,True
n_runs,frozen_temporal_test,delta_plus_heartbeat,1,1,0.0,0.0,True
result_source,frozen_temporal_test,delta_plus_heartbeat,new_evaluation,new_evaluation,0.0,0.0,True
transmission_reduction_mean,frozen_temporal_test,semantic_expert,0.7445574665419961,0.7445574665419961,0.0,1e-08,True
mae_mean,frozen_temporal_test,semantic_expert,7.216203874012153,7.216203874012153,0.0,1e-06,True
recall_mean,frozen_temporal_test,semantic_expert,0.9803921568627452,0.9803921568627452,0.0,1e-08,True
precision_mean,frozen_temporal_test,semantic_expert,0.9345794392523364,0.9345794392523364,0.0,1e-08,True
f1_mean,frozen_temporal_test,semantic_expert,0.9569377990430622,0.9569377990430622,0.0,1e-08,True
aoi_raw_mean,frozen_temporal_test,semantic_expert,1.7669841393251438,1.7669841393251438,0.0,1e-06,True
n_true_events_mean,frozen_temporal_test,semantic_expert,102.0,102.0,0.0,1e-06,True
event_tp_mean,frozen_temporal_test,semantic_expert,100.0,100.0,0.0,1e-06,True
event_fn_mean,frozen_temporal_test,semantic_expert,2.0,2.0,0.0,1e-06,True
event_fp_mean,frozen_temporal_test,semantic_expert,7.0,7.0,0.0,1e-06,True
all_constraints_satisfied_kn,frozen_temporal_test,semantic_expert,0/1,0/1,0.0,0.0,True
mae_pass_count,frozen_temporal_test,semantic_expert,1,1,0.0,0.0,True
event_pass_count,frozen_temporal_test,semantic_expert,0,0,0.0,0.0,True
aoi_pass_count,frozen_temporal_test,semantic_expert,1,1,0.0,0.0,True
all_constraints_pass_count,frozen_temporal_test,semantic_expert,0,0,0.0,0.0,True
n_runs,frozen_temporal_test,semantic_expert,1,1,0.0,0.0,True
result_source,frozen_temporal_test,semantic_expert,new_evaluation,new_evaluation,0.0,0.0,True
transmission_reduction_mean,frozen_temporal_test,campus_senserl_bc,0.802301683997771,0.802301683997771,0.0,1e-08,True
mae_mean,frozen_temporal_test,campus_senserl_bc,9.004188944374237,9.004188944374237,0.0,1e-06,True
recall_mean,frozen_temporal_test,campus_senserl_bc,0.9254901960784314,0.9254901960784314,0.0,1e-08,True
precision_mean,frozen_temporal_test,campus_senserl_bc,0.8806468256300736,0.8806468256300736,0.0,1e-08,True
f1_mean,frozen_temporal_test,campus_senserl_bc,0.9025008325008326,0.9025008325008326,0.0,1e-08,True
aoi_raw_mean,frozen_temporal_test,campus_senserl_bc,2.129224070906546,2.129224070906546,0.0,1e-06,True
n_true_events_mean,frozen_temporal_test,campus_senserl_bc,,,0.0,1e-06,True
event_tp_mean,frozen_temporal_test,campus_senserl_bc,,,0.0,1e-06,True
event_fn_mean,frozen_temporal_test,campus_senserl_bc,,,0.0,1e-06,True
event_fp_mean,frozen_temporal_test,campus_senserl_bc,,,0.0,1e-06,True
all_constraints_satisfied_kn,frozen_temporal_test,campus_senserl_bc,0/1,0/1,0.0,0.0,True
mae_pass_count,frozen_temporal_test,campus_senserl_bc,0,0,0.0,0.0,True
event_pass_count,frozen_temporal_test,campus_senserl_bc,0,0,0.0,0.0,True
aoi_pass_count,frozen_temporal_test,campus_senserl_bc,1,1,0.0,0.0,True
all_constraints_pass_count,frozen_temporal_test,campus_senserl_bc,0,0,0.0,0.0,True
n_runs,frozen_temporal_test,campus_senserl_bc,1,1,0.0,0.0,True
result_source,frozen_temporal_test,campus_senserl_bc,legacy_frozen,legacy_frozen,0.0,0.0,True
transmission_reduction_mean,frozen_temporal_test,cmappo_kl,0.7823439964487764,0.7823439964487764,0.0,1e-08,True
mae_mean,frozen_temporal_test,cmappo_kl,8.612843442936295,8.612843442936295,0.0,1e-06,True
recall_mean,frozen_temporal_test,cmappo_kl,0.9529411764705882,0.9529411764705882,0.0,1e-08,True
precision_mean,frozen_temporal_test,cmappo_kl,0.9137775596384016,0.9137775596384016,0.0,1e-08,True
f1_mean,frozen_temporal_test,cmappo_kl,0.93286098544907,0.93286098544907,0.0,1e-08,True
aoi_raw_mean,frozen_temporal_test,cmappo_kl,1.945431503654175,1.945431503654175,0.0,1e-06,True
n_true_events_mean,frozen_temporal_test,cmappo_kl,102.0,102.0,0.0,1e-06,True
event_tp_mean,frozen_temporal_test,cmappo_kl,97.2,97.2,0.0,1e-06,True
event_fn_mean,frozen_temporal_test,cmappo_kl,4.8,4.8,0.0,1e-06,True
event_fp_mean,frozen_temporal_test,cmappo_kl,9.2,9.2,0.0,1e-06,True
all_constraints_satisfied_kn,frozen_temporal_test,cmappo_kl,0/5,0/5,0.0,0.0,True
mae_pass_count,frozen_temporal_test,cmappo_kl,5,5,0.0,0.0,True
event_pass_count,frozen_temporal_test,cmappo_kl,0,0,0.0,0.0,True
aoi_pass_count,frozen_temporal_test,cmappo_kl,5,5,0.0,0.0,True
all_constraints_pass_count,frozen_temporal_test,cmappo_kl,0,0,0.0,0.0,True
n_runs,frozen_temporal_test,cmappo_kl,5,5,0.0,0.0,True
result_source,frozen_temporal_test,cmappo_kl,new_evaluation,new_evaluation,0.0,0.0,True
transmission_reduction_mean,heldout_test,fixed_15,0.0,0.0,0.0,1e-08,True
mae_mean,heldout_test,fixed_15,,,0.0,1e-06,True
recall_mean,heldout_test,fixed_15,1.0,1.0,0.0,1e-08,True
precision_mean,heldout_test,fixed_15,1.0,1.0,0.0,1e-08,True
f1_mean,heldout_test,fixed_15,1.0,1.0,0.0,1e-08,True
aoi_raw_mean,heldout_test,fixed_15,6.219872492613902e-05,6.219872492613902e-05,0.0,1e-06,True
n_true_events_mean,heldout_test,fixed_15,1231.0,1231.0,0.0,1e-06,True
event_tp_mean,heldout_test,fixed_15,1231.0,1231.0,0.0,1e-06,True
event_fn_mean,heldout_test,fixed_15,0.0,0.0,0.0,1e-06,True
event_fp_mean,heldout_test,fixed_15,0.0,0.0,0.0,1e-06,True
all_constraints_satisfied_kn,heldout_test,fixed_15,,,0.0,0.0,True
mae_pass_count,heldout_test,fixed_15,0,0,0.0,0.0,True
event_pass_count,heldout_test,fixed_15,1,1,0.0,0.0,True
aoi_pass_count,heldout_test,fixed_15,1,1,0.0,0.0,True
all_constraints_pass_count,heldout_test,fixed_15,0,0,0.0,0.0,True
n_runs,heldout_test,fixed_15,1,1,0.0,0.0,True
result_source,heldout_test,fixed_15,new_evaluation,new_evaluation,0.0,0.0,True
transmission_reduction_mean,heldout_test,fixed_30,0.4987660974641176,0.4987660974641176,0.0,1e-08,True
mae_mean,heldout_test,fixed_30,11.635226206386667,11.635226206386667,0.0,1e-06,True
recall_mean,heldout_test,fixed_30,0.8627132412672623,0.8627132412672623,0.0,1e-08,True
precision_mean,heldout_test,fixed_30,0.8879598662207357,0.8879598662207357,0.0,1e-08,True
f1_mean,heldout_test,fixed_30,0.8751545117428925,0.8751545117428925,0.0,1e-08,True
aoi_raw_mean,heldout_test,fixed_30,0.5472088322189396,0.5472088322189396,0.0,1e-06,True
n_true_events_mean,heldout_test,fixed_30,1231.0,1231.0,0.0,1e-06,True
event_tp_mean,heldout_test,fixed_30,1062.0,1062.0,0.0,1e-06,True
event_fn_mean,heldout_test,fixed_30,169.0,169.0,0.0,1e-06,True
event_fp_mean,heldout_test,fixed_30,134.0,134.0,0.0,1e-06,True
all_constraints_satisfied_kn,heldout_test,fixed_30,0/1,0/1,0.0,0.0,True
mae_pass_count,heldout_test,fixed_30,0,0,0.0,0.0,True
event_pass_count,heldout_test,fixed_30,0,0,0.0,0.0,True
aoi_pass_count,heldout_test,fixed_30,1,1,0.0,0.0,True
all_constraints_pass_count,heldout_test,fixed_30,0,0,0.0,0.0,True
n_runs,heldout_test,fixed_30,1,1,0.0,0.0,True
result_source,heldout_test,fixed_30,new_evaluation,new_evaluation,0.0,0.0,True
transmission_reduction_mean,heldout_test,fixed_45,0.6674041716306424,0.6674041716306424,0.0,1e-08,True
mae_mean,heldout_test,fixed_45,13.423398407616242,13.423398407616242,0.0,1e-06,True
recall_mean,heldout_test,fixed_45,0.7831031681559708,0.7831031681559708,0.0,1e-08,True
precision_mean,heldout_test,fixed_45,0.8148774302620456,0.8148774302620456,0.0,1e-08,True
f1_mean,heldout_test,fixed_45,0.7986743993371996,0.7986743993371996,0.0,1e-08,True
aoi_raw_mean,heldout_test,fixed_45,1.1287824599595708,1.1287824599595708,0.0,1e-06,True
n_true_events_mean,heldout_test,fixed_45,1231.0,1231.0,0.0,1e-06,True
event_tp_mean,heldout_test,fixed_45,964.0,964.0,0.0,1e-06,True
event_fn_mean,heldout_test,fixed_45,267.0,267.0,0.0,1e-06,True
event_fp_mean,heldout_test,fixed_45,219.0,219.0,0.0,1e-06,True
all_constraints_satisfied_kn,heldout_test,fixed_45,0/1,0/1,0.0,0.0,True
mae_pass_count,heldout_test,fixed_45,0,0,0.0,0.0,True
event_pass_count,heldout_test,fixed_45,0,0,0.0,0.0,True
aoi_pass_count,heldout_test,fixed_45,1,1,0.0,0.0,True
all_constraints_pass_count,heldout_test,fixed_45,0,0,0.0,0.0,True
n_runs,heldout_test,fixed_45,1,1,0.0,0.0,True
result_source,heldout_test,fixed_45,new_evaluation,new_evaluation,0.0,0.0,True
transmission_reduction_mean,heldout_test,fixed_60,0.751021160719351,0.751021160719351,0.0,1e-08,True
mae_mean,heldout_test,fixed_60,14.769178957440246,14.769178957440246,0.0,1e-06,True
recall_mean,heldout_test,fixed_60,0.743298131600325,0.743298131600325,0.0,1e-08,True
precision_mean,heldout_test,fixed_60,0.7780612244897959,0.7780612244897959,0.0,1e-08,True
f1_mean,heldout_test,fixed_60,0.7602825093477358,0.7602825093477358,0.0,1e-08,True
aoi_raw_mean,heldout_test,fixed_60,1.760087855698958,1.760087855698958,0.0,1e-06,True
n_true_events_mean,heldout_test,fixed_60,1231.0,1231.0,0.0,1e-06,True
event_tp_mean,heldout_test,fixed_60,915.0,915.0,0.0,1e-06,True
event_fn_mean,heldout_test,fixed_60,316.0,316.0,0.0,1e-06,True
event_fp_mean,heldout_test,fixed_60,261.0,261.0,0.0,1e-06,True
all_constraints_satisfied_kn,heldout_test,fixed_60,0/1,0/1,0.0,0.0,True
mae_pass_count,heldout_test,fixed_60,0,0,0.0,0.0,True
event_pass_count,heldout_test,fixed_60,0,0,0.0,0.0,True
aoi_pass_count,heldout_test,fixed_60,1,1,0.0,0.0,True
all_constraints_pass_count,heldout_test,fixed_60,0,0,0.0,0.0,True
n_runs,heldout_test,fixed_60,1,1,0.0,0.0,True
result_source,heldout_test,fixed_60,new_evaluation,new_evaluation,0.0,0.0,True
transmission_reduction_mean,heldout_test,fixed_75,0.799540477676292,0.799540477676292,0.0,1e-08,True
mae_mean,heldout_test,fixed_75,15.642808150329348,15.642808150329348,0.0,1e-06,True
recall_mean,heldout_test,fixed_75,0.6913078797725426,0.6913078797725426,0.0,1e-08,True
precision_mean,heldout_test,fixed_75,0.7419354838709677,0.7419354838709677,0.0,1e-08,True
f1_mean,heldout_test,fixed_75,0.7157275021026072,0.7157275021026072,0.0,1e-08,True
aoi_raw_mean,heldout_test,fixed_75,2.20323433369616,2.20323433369616,0.0,1e-06,True
n_true_events_mean,heldout_test,fixed_75,1231.0,1231.0,0.0,1e-06,True
event_tp_mean,heldout_test,fixed_75,851.0,851.0,0.0,1e-06,True
event_fn_mean,heldout_test,fixed_75,380.0,380.0,0.0,1e-06,True
event_fp_mean,heldout_test,fixed_75,296.0,296.0,0.0,1e-06,True
all_constraints_satisfied_kn,heldout_test,fixed_75,0/1,0/1,0.0,0.0,True
mae_pass_count,heldout_test,fixed_75,0,0,0.0,0.0,True
event_pass_count,heldout_test,fixed_75,0,0,0.0,0.0,True
aoi_pass_count,heldout_test,fixed_75,1,1,0.0,0.0,True
all_constraints_pass_count,heldout_test,fixed_75,0,0,0.0,0.0,True
n_runs,heldout_test,fixed_75,1,1,0.0,0.0,True
result_source,heldout_test,fixed_75,new_evaluation,new_evaluation,0.0,0.0,True
transmission_reduction_mean,heldout_test,fixed_90,0.8332813297781811,0.8332813297781811,0.0,1e-08,True
mae_mean,heldout_test,fixed_90,16.624898586738833,16.624898586738833,0.0,1e-06,True
recall_mean,heldout_test,fixed_90,0.7018683996750609,0.7018683996750609,0.0,1e-08,True
precision_mean,heldout_test,fixed_90,0.7140495867768595,0.7140495867768595,0.0,1e-08,True
f1_mean,heldout_test,fixed_90,0.7079065956575173,0.7079065956575173,0.0,1e-08,True
aoi_raw_mean,heldout_test,fixed_90,2.733218006530866,2.733218006530866,0.0,1e-06,True
n_true_events_mean,heldout_test,fixed_90,1231.0,1231.0,0.0,1e-06,True
event_tp_mean,heldout_test,fixed_90,864.0,864.0,0.0,1e-06,True
event_fn_mean,heldout_test,fixed_90,367.0,367.0,0.0,1e-06,True
event_fp_mean,heldout_test,fixed_90,346.0,346.0,0.0,1e-06,True
all_constraints_satisfied_kn,heldout_test,fixed_90,0/1,0/1,0.0,0.0,True
mae_pass_count,heldout_test,fixed_90,0,0,0.0,0.0,True
event_pass_count,heldout_test,fixed_90,0,0,0.0,0.0,True
aoi_pass_count,heldout_test,fixed_90,1,1,0.0,0.0,True
all_constraints_pass_count,heldout_test,fixed_90,0,0,0.0,0.0,True
n_runs,heldout_test,fixed_90,1,1,0.0,0.0,True
result_source,heldout_test,fixed_90,new_evaluation,new_evaluation,0.0,0.0,True
transmission_reduction_mean,heldout_test,delta_plus_heartbeat,0.7278701234848055,0.7278701234848055,0.0,1e-08,True
mae_mean,heldout_test,delta_plus_heartbeat,9.440991933074397,9.440991933074397,0.0,1e-06,True
recall_mean,heldout_test,delta_plus_heartbeat,0.9878147847278635,0.9878147847278635,0.0,1e-08,True
precision_mean,heldout_test,delta_plus_heartbeat,0.9559748427672956,0.9559748427672956,0.0,1e-08,True
f1_mean,heldout_test,delta_plus_heartbeat,0.9716340391530164,0.9716340391530164,0.0,1e-08,True
aoi_raw_mean,heldout_test,delta_plus_heartbeat,1.4438345513916964,1.4438345513916964,0.0,1e-06,True
n_true_events_mean,heldout_test,delta_plus_heartbeat,1231.0,1231.0,0.0,1e-06,True
event_tp_mean,heldout_test,delta_plus_heartbeat,1216.0,1216.0,0.0,1e-06,True
event_fn_mean,heldout_test,delta_plus_heartbeat,15.0,15.0,0.0,1e-06,True
event_fp_mean,heldout_test,delta_plus_heartbeat,56.0,56.0,0.0,1e-06,True
all_constraints_satisfied_kn,heldout_test,delta_plus_heartbeat,0/1,0/1,0.0,0.0,True
mae_pass_count,heldout_test,delta_plus_heartbeat,0,0,0.0,0.0,True
event_pass_count,heldout_test,delta_plus_heartbeat,1,1,0.0,0.0,True
aoi_pass_count,heldout_test,delta_plus_heartbeat,1,1,0.0,0.0,True
all_constraints_pass_count,heldout_test,delta_plus_heartbeat,0,0,0.0,0.0,True
n_runs,heldout_test,delta_plus_heartbeat,1,1,0.0,0.0,True
result_source,heldout_test,delta_plus_heartbeat,new_evaluation,new_evaluation,0.0,0.0,True
transmission_reduction_mean,heldout_test,semantic_expert,0.7433860933038332,0.7433860933038332,0.0,1e-08,True
mae_mean,heldout_test,semantic_expert,7.230393528528911,7.230393528528911,0.0,1e-06,True
recall_mean,heldout_test,semantic_expert,0.9983753046303818,0.9983753046303818,0.0,1e-08,True
precision_mean,heldout_test,semantic_expert,0.9927302100161552,0.9927302100161552,0.0,1e-08,True
f1_mean,heldout_test,semantic_expert,0.9955447549615228,0.9955447549615228,0.0,1e-08,True
aoi_raw_mean,heldout_test,semantic_expert,1.773099051469445,1.773099051469445,0.0,1e-06,True
n_true_events_mean,heldout_test,semantic_expert,1231.0,1231.0,0.0,1e-06,True
event_tp_mean,heldout_test,semantic_expert,1229.0,1229.0,0.0,1e-06,True
event_fn_mean,heldout_test,semantic_expert,2.0,2.0,0.0,1e-06,True
event_fp_mean,heldout_test,semantic_expert,9.0,9.0,0.0,1e-06,True
all_constraints_satisfied_kn,heldout_test,semantic_expert,1/1,1/1,0.0,0.0,True
mae_pass_count,heldout_test,semantic_expert,1,1,0.0,0.0,True
event_pass_count,heldout_test,semantic_expert,1,1,0.0,0.0,True
aoi_pass_count,heldout_test,semantic_expert,1,1,0.0,0.0,True
all_constraints_pass_count,heldout_test,semantic_expert,1,1,0.0,0.0,True
n_runs,heldout_test,semantic_expert,1,1,0.0,0.0,True
result_source,heldout_test,semantic_expert,new_evaluation,new_evaluation,0.0,0.0,True
transmission_reduction_mean,heldout_test,campus_senserl_bc,0.7972126094438456,0.7972126094438456,0.0,1e-08,True
mae_mean,heldout_test,campus_senserl_bc,8.958774368220675,8.958774368220675,0.0,1e-06,True
recall_mean,heldout_test,campus_senserl_bc,0.9949634443541836,0.9949634443541836,0.0,1e-08,True
precision_mean,heldout_test,campus_senserl_bc,0.972848892691794,0.972848892691794,0.0,1e-08,True
f1_mean,heldout_test,campus_senserl_bc,0.9837786638591082,0.9837786638591082,0.0,1e-08,True
aoi_raw_mean,heldout_test,campus_senserl_bc,2.126297620898772,2.126297620898772,0.0,1e-06,True
n_true_events_mean,heldout_test,campus_senserl_bc,1231.0,1231.0,0.0,1e-06,True
event_tp_mean,heldout_test,campus_senserl_bc,1224.8,1224.8,0.0,1e-06,True
event_fn_mean,heldout_test,campus_senserl_bc,6.2,6.2,0.0,1e-06,True
event_fp_mean,heldout_test,campus_senserl_bc,34.2,34.2,0.0,1e-06,True
all_constraints_satisfied_kn,heldout_test,campus_senserl_bc,4/5,4/5,0.0,0.0,True
mae_pass_count,heldout_test,campus_senserl_bc,4,4,0.0,0.0,True
event_pass_count,heldout_test,campus_senserl_bc,5,5,0.0,0.0,True
aoi_pass_count,heldout_test,campus_senserl_bc,5,5,0.0,0.0,True
all_constraints_pass_count,heldout_test,campus_senserl_bc,4,4,0.0,0.0,True
n_runs,heldout_test,campus_senserl_bc,5,5,0.0,0.0,True
result_source,heldout_test,campus_senserl_bc,legacy_frozen,legacy_frozen,0.0,0.0,True
transmission_reduction_mean,heldout_test,cmappo_kl,0.7782606229080387,0.7782606229080387,0.0,1e-08,True
mae_mean,heldout_test,cmappo_kl,8.49505339274015,8.49505339274015,0.0,1e-06,True
recall_mean,heldout_test,cmappo_kl,0.99642567018684,0.99642567018684,0.0,1e-08,True
precision_mean,heldout_test,cmappo_kl,0.9912892434877696,0.9912892434877696,0.0,1e-08,True
f1_mean,heldout_test,cmappo_kl,0.9938459908907176,0.9938459908907176,0.0,1e-08,True
aoi_raw_mean,heldout_test,cmappo_kl,1.9352550147721972,1.9352550147721972,0.0,1e-06,True
n_true_events_mean,heldout_test,cmappo_kl,1231.0,1231.0,0.0,1e-06,True
event_tp_mean,heldout_test,cmappo_kl,1226.6,1226.6,0.0,1e-06,True
event_fn_mean,heldout_test,cmappo_kl,4.4,4.4,0.0,1e-06,True
event_fp_mean,heldout_test,cmappo_kl,10.8,10.8,0.0,1e-06,True
all_constraints_satisfied_kn,heldout_test,cmappo_kl,5/5,5/5,0.0,0.0,True
mae_pass_count,heldout_test,cmappo_kl,5,5,0.0,0.0,True
event_pass_count,heldout_test,cmappo_kl,5,5,0.0,0.0,True
aoi_pass_count,heldout_test,cmappo_kl,5,5,0.0,0.0,True
all_constraints_pass_count,heldout_test,cmappo_kl,5,5,0.0,0.0,True
n_runs,heldout_test,cmappo_kl,5,5,0.0,0.0,True
result_source,heldout_test,cmappo_kl,new_evaluation,new_evaluation,0.0,0.0,True
transmission_reduction_mean,packet_loss_0,fixed_60,0.7526823489592147,0.7526823489592147,0.0,1e-08,True
mae_mean,packet_loss_0,fixed_60,11.335269101794868,11.335269101794868,0.0,1e-06,True
recall_mean,packet_loss_0,fixed_60,0.887409200968523,0.887409200968523,0.0,1e-08,True
n_tx_attempts_mean,packet_loss_0,fixed_60,51149.0,51149.0,0.0,1e-08,True
n_delivered_mean,packet_loss_0,fixed_60,51149.0,51149.0,0.0,1e-08,True
all_constraints_pass_count,packet_loss_0,fixed_60,0,0,0.0,0.0,True
n_runs,packet_loss_0,fixed_60,1,1,0.0,0.0,True
transmission_reduction_mean,packet_loss_10,fixed_60,0.7526823489592147,0.7526823489592147,0.0,1e-08,True
mae_mean,packet_loss_10,fixed_60,11.89060208616156,11.89060208616156,0.0,1e-06,True
recall_mean,packet_loss_10,fixed_60,0.8796610169491526,0.8796610169491526,0.0,1e-08,True
n_tx_attempts_mean,packet_loss_10,fixed_60,51149.0,51149.0,0.0,1e-08,True
n_delivered_mean,packet_loss_10,fixed_60,45965.6,45965.6,0.0,1e-08,True
all_constraints_pass_count,packet_loss_10,fixed_60,0,0,0.0,0.0,True
n_runs,packet_loss_10,fixed_60,5,5,0.0,0.0,True
transmission_reduction_mean,packet_loss_20,fixed_60,0.7526823489592147,0.7526823489592147,0.0,1e-08,True
mae_mean,packet_loss_20,fixed_60,12.515790964496285,12.515790964496285,0.0,1e-06,True
recall_mean,packet_loss_20,fixed_60,0.8697336561743342,0.8697336561743342,0.0,1e-08,True
n_tx_attempts_mean,packet_loss_20,fixed_60,51149.0,51149.0,0.0,1e-08,True
n_delivered_mean,packet_loss_20,fixed_60,40871.8,40871.8,0.0,1e-08,True
all_constraints_pass_count,packet_loss_20,fixed_60,0,0,0.0,0.0,True
n_runs,packet_loss_20,fixed_60,5,5,0.0,0.0,True
transmission_reduction_mean,packet_loss_40,fixed_60,0.7526823489592147,0.7526823489592147,0.0,1e-08,True
mae_mean,packet_loss_40,fixed_60,14.153785241670828,14.153785241670828,0.0,1e-06,True
recall_mean,packet_loss_40,fixed_60,0.8479418886198549,0.8479418886198549,0.0,1e-08,True
n_tx_attempts_mean,packet_loss_40,fixed_60,51149.0,51149.0,0.0,1e-08,True
n_delivered_mean,packet_loss_40,fixed_60,30630.6,30630.6,0.0,1e-08,True
all_constraints_pass_count,packet_loss_40,fixed_60,0,0,0.0,0.0,True
n_runs,packet_loss_40,fixed_60,5,5,0.0,0.0,True
transmission_reduction_mean,packet_loss_0,fixed_75,0.8001837390904916,0.8001837390904916,0.0,1e-08,True
mae_mean,packet_loss_0,fixed_75,11.755109070034443,11.755109070034443,0.0,1e-06,True
recall_mean,packet_loss_0,fixed_75,0.8849878934624698,0.8849878934624698,0.0,1e-08,True
n_tx_attempts_mean,packet_loss_0,fixed_75,41325.0,41325.0,0.0,1e-08,True
n_delivered_mean,packet_loss_0,fixed_75,41325.0,41325.0,0.0,1e-08,True
all_constraints_pass_count,packet_loss_0,fixed_75,0,0,0.0,0.0,True
n_runs,packet_loss_0,fixed_75,1,1,0.0,0.0,True
transmission_reduction_mean,packet_loss_10,fixed_75,0.8001837390904916,0.8001837390904916,0.0,1e-08,True
mae_mean,packet_loss_10,fixed_75,12.375155399029763,12.375155399029763,0.0,1e-06,True
recall_mean,packet_loss_10,fixed_75,0.8799031476997579,0.8799031476997579,0.0,1e-08,True
n_tx_attempts_mean,packet_loss_10,fixed_75,41325.0,41325.0,0.0,1e-08,True
n_delivered_mean,packet_loss_10,fixed_75,37199.0,37199.0,0.0,1e-08,True
all_constraints_pass_count,packet_loss_10,fixed_75,0,0,0.0,0.0,True
n_runs,packet_loss_10,fixed_75,5,5,0.0,0.0,True
transmission_reduction_mean,packet_loss_20,fixed_75,0.8001837390904916,0.8001837390904916,0.0,1e-08,True
mae_mean,packet_loss_20,fixed_75,13.07443151834199,13.07443151834199,0.0,1e-06,True
recall_mean,packet_loss_20,fixed_75,0.8634382566585957,0.8634382566585957,0.0,1e-08,True
n_tx_attempts_mean,packet_loss_20,fixed_75,41325.0,41325.0,0.0,1e-08,True
n_delivered_mean,packet_loss_20,fixed_75,33066.6,33066.6,0.0,1e-08,True
all_constraints_pass_count,packet_loss_20,fixed_75,0,0,0.0,0.0,True
n_runs,packet_loss_20,fixed_75,5,5,0.0,0.0,True
transmission_reduction_mean,packet_loss_40,fixed_75,0.8001837390904916,0.8001837390904916,0.0,1e-08,True
mae_mean,packet_loss_40,fixed_75,14.82203106741412,14.82203106741412,0.0,1e-06,True
recall_mean,packet_loss_40,fixed_75,0.8309927360774818,0.8309927360774818,0.0,1e-08,True
n_tx_attempts_mean,packet_loss_40,fixed_75,41325.0,41325.0,0.0,1e-08,True
n_delivered_mean,packet_loss_40,fixed_75,24839.8,24839.8,0.0,1e-08,True
all_constraints_pass_count,packet_loss_40,fixed_75,0,0,0.0,0.0,True
n_runs,packet_loss_40,fixed_75,5,5,0.0,0.0,True
transmission_reduction_mean,packet_loss_0,delta_plus_heartbeat,0.7282692261199624,0.7282692261199624,0.0,1e-08,True
mae_mean,packet_loss_0,delta_plus_heartbeat,9.224011897727348,9.224011897727348,0.0,1e-06,True
recall_mean,packet_loss_0,delta_plus_heartbeat,0.9903147699757868,0.9903147699757868,0.0,1e-08,True
n_tx_attempts_mean,packet_loss_0,delta_plus_heartbeat,56198.0,56198.0,0.0,1e-08,True
n_delivered_mean,packet_loss_0,delta_plus_heartbeat,56198.0,56198.0,0.0,1e-08,True
all_constraints_pass_count,packet_loss_0,delta_plus_heartbeat,0,0,0.0,0.0,True
n_runs,packet_loss_0,delta_plus_heartbeat,1,1,0.0,0.0,True
transmission_reduction_mean,packet_loss_10,delta_plus_heartbeat,0.708460218069289,0.708460218069289,0.0,1e-08,True
mae_mean,packet_loss_10,delta_plus_heartbeat,9.493247522932602,9.493247522932602,0.0,1e-06,True
recall_mean,packet_loss_10,delta_plus_heartbeat,0.9813559322033898,0.9813559322033898,0.0,1e-08,True
n_tx_attempts_mean,packet_loss_10,delta_plus_heartbeat,60294.8,60294.8,0.0,1e-08,True
n_delivered_mean,packet_loss_10,delta_plus_heartbeat,54259.6,54259.6,0.0,1e-08,True
all_constraints_pass_count,packet_loss_10,delta_plus_heartbeat,0,0,0.0,0.0,True
n_runs,packet_loss_10,delta_plus_heartbeat,5,5,0.0,0.0,True
transmission_reduction_mean,packet_loss_20,delta_plus_heartbeat,0.6853323018156323,0.6853323018156323,0.0,1e-08,True
mae_mean,packet_loss_20,delta_plus_heartbeat,9.77803794690646,9.77803794690646,0.0,1e-06,True
recall_mean,packet_loss_20,delta_plus_heartbeat,0.9685230024213076,0.9685230024213076,0.0,1e-08,True
n_tx_attempts_mean,packet_loss_20,delta_plus_heartbeat,65078.0,65078.0,0.0,1e-08,True
n_delivered_mean,packet_loss_20,delta_plus_heartbeat,52114.0,52114.0,0.0,1e-08,True
all_constraints_pass_count,packet_loss_20,delta_plus_heartbeat,0,0,0.0,0.0,True
n_runs,packet_loss_20,delta_plus_heartbeat,5,5,0.0,0.0,True
transmission_reduction_mean,packet_loss_40,delta_plus_heartbeat,0.6235514832096317,0.6235514832096317,0.0,1e-08,True
mae_mean,packet_loss_40,delta_plus_heartbeat,10.499814983398974,10.499814983398974,0.0,1e-06,True
recall_mean,packet_loss_40,delta_plus_heartbeat,0.9411622276029056,0.9411622276029056,0.0,1e-08,True
n_tx_attempts_mean,packet_loss_40,delta_plus_heartbeat,77855.2,77855.2,0.0,1e-08,True
n_delivered_mean,packet_loss_40,delta_plus_heartbeat,46782.8,46782.8,0.0,1e-08,True
all_constraints_pass_count,packet_loss_40,delta_plus_heartbeat,0,0,0.0,0.0,True
n_runs,packet_loss_40,delta_plus_heartbeat,5,5,0.0,0.0,True
transmission_reduction_mean,packet_loss_0,semantic_expert,0.7389260933684694,0.7389260933684694,0.0,1e-08,True
mae_mean,packet_loss_0,semantic_expert,7.218922792024657,7.218922792024657,0.0,1e-06,True
recall_mean,packet_loss_0,semantic_expert,0.9987893462469734,0.9987893462469734,0.0,1e-08,True
n_tx_attempts_mean,packet_loss_0,semantic_expert,53994.0,53994.0,0.0,1e-08,True
n_delivered_mean,packet_loss_0,semantic_expert,53994.0,53994.0,0.0,1e-08,True
all_constraints_pass_count,packet_loss_0,semantic_expert,1,1,0.0,0.0,True
n_runs,packet_loss_0,semantic_expert,1,1,0.0,0.0,True
transmission_reduction_mean,packet_loss_10,semantic_expert,0.7219660082682591,0.7219660082682591,0.0,1e-08,True
mae_mean,packet_loss_10,semantic_expert,7.600709972291068,7.600709972291068,0.0,1e-06,True
recall_mean,packet_loss_10,semantic_expert,0.9898305084745764,0.9898305084745764,0.0,1e-08,True
n_tx_attempts_mean,packet_loss_10,semantic_expert,57501.6,57501.6,0.0,1e-08,True
n_delivered_mean,packet_loss_10,semantic_expert,51742.6,51742.6,0.0,1e-08,True
all_constraints_pass_count,packet_loss_10,semantic_expert,5,5,0.0,0.0,True
n_runs,packet_loss_10,semantic_expert,5,5,0.0,0.0,True
transmission_reduction_mean,packet_loss_20,semantic_expert,0.7017314991659213,0.7017314991659213,0.0,1e-08,True
mae_mean,packet_loss_20,semantic_expert,8.019859277069951,8.019859277069951,0.0,1e-06,True
recall_mean,packet_loss_20,semantic_expert,0.9774818401937044,0.9774818401937044,0.0,1e-08,True
n_tx_attempts_mean,packet_loss_20,semantic_expert,61686.4,61686.4,0.0,1e-08,True
n_delivered_mean,packet_loss_20,semantic_expert,49339.2,49339.2,0.0,1e-08,True
all_constraints_pass_count,packet_loss_20,semantic_expert,0,0,0.0,0.0,True
n_runs,packet_loss_20,semantic_expert,5,5,0.0,0.0,True
transmission_reduction_mean,packet_loss_40,semantic_expert,0.6473602011459517,0.6473602011459517,0.0,1e-08,True
mae_mean,packet_loss_40,semantic_expert,9.052548762839686,9.052548762839686,0.0,1e-06,True
recall_mean,packet_loss_40,semantic_expert,0.9484261501210652,0.9484261501210652,0.0,1e-08,True
n_tx_attempts_mean,packet_loss_40,semantic_expert,72931.2,72931.2,0.0,1e-08,True
n_delivered_mean,packet_loss_40,semantic_expert,43862.4,43862.4,0.0,1e-08,True
all_constraints_pass_count,packet_loss_40,semantic_expert,0,0,0.0,0.0,True
n_runs,packet_loss_40,semantic_expert,5,5,0.0,0.0,True
transmission_reduction_mean,packet_loss_0,cmappo_kl,0.7779019897009405,0.7779019897009405,0.0,1e-08,True
mae_mean,packet_loss_0,cmappo_kl,8.742403611902981,8.742403611902981,0.0,1e-06,True
recall_mean,packet_loss_0,cmappo_kl,0.9944309927360776,0.9944309927360776,0.0,1e-08,True
n_tx_attempts_mean,packet_loss_0,cmappo_kl,45933.2,45933.2,0.0,1e-08,True
n_delivered_mean,packet_loss_0,cmappo_kl,45933.2,45933.2,0.0,1e-08,True
all_constraints_pass_count,packet_loss_0,cmappo_kl,5,5,0.0,0.0,True
n_runs,packet_loss_0,cmappo_kl,5,5,0.0,0.0,True
transmission_reduction_mean,packet_loss_10,cmappo_kl,0.7606285810990497,0.7606285810990497,0.0,1e-08,True
mae_mean,packet_loss_10,cmappo_kl,8.976431643980769,8.976431643980769,0.0,1e-06,True
recall_mean,packet_loss_10,cmappo_kl,0.9874576271186442,0.9874576271186442,0.0,1e-08,True
n_tx_attempts_mean,packet_loss_10,cmappo_kl,49505.6,49505.6,0.0,1e-08,True
n_delivered_mean,packet_loss_10,cmappo_kl,44577.31999999999,44577.31999999999,0.0,1e-08,True
all_constraints_pass_count,packet_loss_10,cmappo_kl,3,3,0.0,0.0,True
n_runs,packet_loss_10,cmappo_kl,5,5,0.0,0.0,True
transmission_reduction_mean,packet_loss_20,cmappo_kl,0.7398823102773008,0.7398823102773008,0.0,1e-08,True
mae_mean,packet_loss_20,cmappo_kl,9.252819221398074,9.252819221398074,0.0,1e-06,True
recall_mean,packet_loss_20,cmappo_kl,0.9754479418886198,0.9754479418886198,0.0,1e-08,True
n_tx_attempts_mean,packet_loss_20,cmappo_kl,53796.240000000005,53796.240000000005,0.0,1e-08,True
n_delivered_mean,packet_loss_20,cmappo_kl,43059.48,43059.48,0.0,1e-08,True
all_constraints_pass_count,packet_loss_20,cmappo_kl,0,0,0.0,0.0,True
n_runs,packet_loss_20,cmappo_kl,5,5,0.0,0.0,True
transmission_reduction_mean,packet_loss_40,cmappo_kl,0.6842726107874186,0.6842726107874186,0.0,1e-08,True
mae_mean,packet_loss_40,cmappo_kl,9.974754716259318,9.974754716259318,0.0,1e-06,True
recall_mean,packet_loss_40,cmappo_kl,0.947457627118644,0.947457627118644,0.0,1e-08,True
n_tx_attempts_mean,packet_loss_40,cmappo_kl,65297.16,65297.16,0.0,1e-08,True
n_delivered_mean,packet_loss_40,cmappo_kl,39235.16,39235.16,0.0,1e-08,True
all_constraints_pass_count,packet_loss_40,cmappo_kl,0,0,0.0,0.0,True
n_runs,packet_loss_40,cmappo_kl,5,5,0.0,0.0,True
tx_reduction,generalization_development_test,fixed_60,0.7513860161127325,0.7513860161127325,0.0,1e-08,True
mae,generalization_development_test,fixed_60,10.550982955402484,10.550982955402484,0.0,1e-06,True
recall,generalization_development_test,fixed_60,0.2647058823529412,0.2647058823529412,0.0,1e-08,True
precision,generalization_development_test,fixed_60,0.3,0.3,0.0,1e-08,True
f1,generalization_development_test,fixed_60,0.28125,0.28125,0.0,1e-08,True
aoi,generalization_development_test,fixed_60,1.7559633027522936,1.7559633027522936,0.0,1e-06,True
tx_reduction,generalization_heldout_test,fixed_60,0.751021160719351,0.751021160719351,0.0,1e-08,True
mae,generalization_heldout_test,fixed_60,14.769178957440246,14.769178957440246,0.0,1e-06,True
recall,generalization_heldout_test,fixed_60,0.743298131600325,0.743298131600325,0.0,1e-08,True
precision,generalization_heldout_test,fixed_60,0.7780612244897959,0.7780612244897959,0.0,1e-08,True
f1,generalization_heldout_test,fixed_60,0.7602825093477358,0.7602825093477358,0.0,1e-08,True
aoi,generalization_heldout_test,fixed_60,1.760087855698958,1.760087855698958,0.0,1e-06,True
tx_reduction,generalization_development_test,fixed_75,0.7999792215642384,0.7999792215642384,0.0,1e-08,True
mae,generalization_development_test,fixed_75,10.849440974722848,10.849440974722848,0.0,1e-06,True
recall,generalization_development_test,fixed_75,0.2549019607843137,0.2549019607843137,0.0,1e-08,True
precision,generalization_development_test,fixed_75,0.2653061224489796,0.2653061224489796,0.0,1e-08,True
f1,generalization_development_test,fixed_75,0.2599999999999999,0.2599999999999999,0.0,1e-08,True
aoi,generalization_development_test,fixed_75,2.162770175711398,2.162770175711398,0.0,1e-06,True
tx_reduction,generalization_heldout_test,fixed_75,0.799540477676292,0.799540477676292,0.0,1e-08,True
mae,generalization_heldout_test,fixed_75,15.642808150329348,15.642808150329348,0.0,1e-06,True
recall,generalization_heldout_test,fixed_75,0.6913078797725426,0.6913078797725426,0.0,1e-08,True
precision,generalization_heldout_test,fixed_75,0.7419354838709677,0.7419354838709677,0.0,1e-08,True
f1,generalization_heldout_test,fixed_75,0.7157275021026072,0.7157275021026072,0.0,1e-08,True
aoi,generalization_heldout_test,fixed_75,2.20323433369616,2.20323433369616,0.0,1e-06,True
tx_reduction,generalization_development_test,delta_plus_heartbeat,0.7279630521633185,0.7279630521633185,0.0,1e-08,True
mae,generalization_development_test,delta_plus_heartbeat,8.790012455238985,8.790012455238985,0.0,1e-06,True
recall,generalization_development_test,delta_plus_heartbeat,0.9607843137254902,0.9607843137254902,0.0,1e-08,True
precision,generalization_development_test,delta_plus_heartbeat,0.8099173553719008,0.8099173553719008,0.0,1e-08,True
f1,generalization_development_test,delta_plus_heartbeat,0.8789237668161435,0.8789237668161435,0.0,1e-08,True
aoi,generalization_development_test,delta_plus_heartbeat,1.4026162338672057,1.4026162338672057,0.0,1e-06,True
tx_reduction,generalization_heldout_test,delta_plus_heartbeat,0.7278701234848055,0.7278701234848055,0.0,1e-08,True
mae,generalization_heldout_test,delta_plus_heartbeat,9.440991933074397,9.440991933074397,0.0,1e-06,True
recall,generalization_heldout_test,delta_plus_heartbeat,0.9878147847278635,0.9878147847278635,0.0,1e-08,True
precision,generalization_heldout_test,delta_plus_heartbeat,0.9559748427672956,0.9559748427672956,0.0,1e-08,True
f1,generalization_heldout_test,delta_plus_heartbeat,0.9716340391530164,0.9716340391530164,0.0,1e-08,True
aoi,generalization_heldout_test,delta_plus_heartbeat,1.4438345513916964,1.4438345513916964,0.0,1e-06,True
tx_reduction,generalization_development_test,semantic_expert,0.7445574665419961,0.7445574665419961,0.0,1e-08,True
mae,generalization_development_test,semantic_expert,7.216203874012153,7.216203874012153,0.0,1e-06,True
recall,generalization_development_test,semantic_expert,0.9803921568627452,0.9803921568627452,0.0,1e-08,True
precision,generalization_development_test,semantic_expert,0.9345794392523364,0.9345794392523364,0.0,1e-08,True
f1,generalization_development_test,semantic_expert,0.9569377990430622,0.9569377990430622,0.0,1e-08,True
aoi,generalization_development_test,semantic_expert,1.7669841393251438,1.7669841393251438,0.0,1e-06,True
tx_reduction,generalization_heldout_test,semantic_expert,0.7433860933038332,0.7433860933038332,0.0,1e-08,True
mae,generalization_heldout_test,semantic_expert,7.230393528528911,7.230393528528911,0.0,1e-06,True
recall,generalization_heldout_test,semantic_expert,0.9983753046303818,0.9983753046303818,0.0,1e-08,True
precision,generalization_heldout_test,semantic_expert,0.9927302100161552,0.9927302100161552,0.0,1e-08,True
f1,generalization_heldout_test,semantic_expert,0.9955447549615228,0.9955447549615228,0.0,1e-08,True
aoi,generalization_heldout_test,semantic_expert,1.773099051469445,1.773099051469445,0.0,1e-06,True
tx_reduction,generalization_development_test,cmappo_kl,0.7823439964487764,0.7823439964487764,0.0,1e-08,True
mae,generalization_development_test,cmappo_kl,8.612843442936295,8.612843442936295,0.0,1e-06,True
recall,generalization_development_test,cmappo_kl,0.9529411764705882,0.9529411764705882,0.0,1e-08,True
precision,generalization_development_test,cmappo_kl,0.9137775596384016,0.9137775596384016,0.0,1e-08,True
f1,generalization_development_test,cmappo_kl,0.93286098544907,0.93286098544907,0.0,1e-08,True
aoi,generalization_development_test,cmappo_kl,1.945431503654175,1.945431503654175,0.0,1e-06,True
tx_reduction,generalization_heldout_test,cmappo_kl,0.7782606229080387,0.7782606229080387,0.0,1e-08,True
mae,generalization_heldout_test,cmappo_kl,8.49505339274015,8.49505339274015,0.0,1e-06,True
recall,generalization_heldout_test,cmappo_kl,0.99642567018684,0.99642567018684,0.0,1e-08,True
precision,generalization_heldout_test,cmappo_kl,0.9912892434877696,0.9912892434877696,0.0,1e-08,True
f1,generalization_heldout_test,cmappo_kl,0.9938459908907176,0.9938459908907176,0.0,1e-08,True
aoi,generalization_heldout_test,cmappo_kl,1.9352550147721972,1.9352550147721972,0.0,1e-06,True
achieved_reduction,matched_budget_0.75,campus_senserl_bc,0.75,0.75,0.0,1e-08,True
mae,matched_budget_0.75,campus_senserl_bc,7.967005896143648,7.967005896143648,0.0,1e-06,True
recall,matched_budget_0.75,campus_senserl_bc,0.9975731144651776,0.9975731144651776,0.0,1e-08,True
evaluation_type,matched_budget_0.75,campus_senserl_bc,interpolated,interpolated,0.0,0.0,True
result_source,matched_budget_0.75,campus_senserl_bc,interpolated_legacy,interpolated_legacy,0.0,0.0,True
achieved_reduction,matched_budget_0.78,campus_senserl_bc,0.78,0.78,0.0,1e-08,True
mae,matched_budget_0.78,campus_senserl_bc,8.923299430437106,8.923299430437106,0.0,1e-06,True
recall,matched_budget_0.78,campus_senserl_bc,0.9932065187162592,0.9932065187162592,0.0,1e-08,True
evaluation_type,matched_budget_0.78,campus_senserl_bc,interpolated,interpolated,0.0,0.0,True
result_source,matched_budget_0.78,campus_senserl_bc,interpolated_legacy,interpolated_legacy,0.0,0.0,True
achieved_reduction,matched_budget_0.80,campus_senserl_bc,0.8,0.8,0.0,1e-08,True
mae,matched_budget_0.80,campus_senserl_bc,9.254888475769937,9.254888475769937,0.0,1e-06,True
recall,matched_budget_0.80,campus_senserl_bc,0.9927110031177608,0.9927110031177608,0.0,1e-08,True
evaluation_type,matched_budget_0.80,campus_senserl_bc,interpolated,interpolated,0.0,0.0,True
result_source,matched_budget_0.80,campus_senserl_bc,interpolated_legacy,interpolated_legacy,0.0,0.0,True
achieved_reduction,matched_budget_0.75,cmappo_kl,0.7552750042308343,0.7552750042308343,0.0,1e-08,True
mae,matched_budget_0.75,cmappo_kl,8.070008568801864,8.070008568801864,0.0,1e-06,True
recall,matched_budget_0.75,cmappo_kl,0.9980629539951572,0.9980629539951572,0.0,1e-08,True
evaluation_type,matched_budget_0.75,cmappo_kl,direct,direct,0.0,0.0,True
result_source,matched_budget_0.75,cmappo_kl,direct_measured,direct_measured,0.0,0.0,True
achieved_reduction,matched_budget_0.78,cmappo_kl,0.7779019897009405,0.7779019897009405,0.0,1e-08,True
mae,matched_budget_0.78,cmappo_kl,8.742403611902981,8.742403611902981,0.0,1e-06,True
recall,matched_budget_0.78,cmappo_kl,0.9944309927360774,0.9944309927360774,0.0,1e-08,True
evaluation_type,matched_budget_0.78,cmappo_kl,direct,direct,0.0,0.0,True
result_source,matched_budget_0.78,cmappo_kl,direct_measured,direct_measured,0.0,0.0,True
achieved_reduction,matched_budget_0.80,cmappo_kl,0.8006614607257694,0.8006614607257694,0.0,1e-08,True
mae,matched_budget_0.80,cmappo_kl,9.200637985891786,9.200637985891786,0.0,1e-06,True
recall,matched_budget_0.80,cmappo_kl,0.9929782082324456,0.9929782082324456,0.0,1e-08,True
evaluation_type,matched_budget_0.80,cmappo_kl,direct,direct,0.0,0.0,True
result_source,matched_budget_0.80,cmappo_kl,direct_measured,direct_measured,0.0,0.0,True
